ENERGY STAR Unique ID,Brand Name,Model Number,Additional Model Information,UPC,Load Configuration,Special Type,Additional Washer Features,Intended Market,Volume (cu. ft.),Height (inches),Width (inches),Depth (inches),Integrated Modified Energy Factor (IMEF),US Federal Standard (IMEF),Annual Energy Use (kWh/yr),Integrated Water Factor (IWF),US Federal Standard (IWF),Annual Water Use (gallons/yr),Drum Capacity for the dryer in a Combination All-in-One Washer-Dryer,Heat Pump Technology for the dryer in a Combination All-in-One Washer-Dryer,Combined Energy Factor (CEF) for the dryer in a Combination All-in-One Washer-Dryer,Estimated Annual Energy Use (kWh/yr) for the dryer in a Combination All-in-One Washer-Dryer,Estimated Energy Test Cycle Time (min) for the dryer in a Combination All-in-One Washer-Dryer,Energy Test Cycle Information for the dryer in a Combination All-in-One Washer-Dryer,Calculated Combined Energy Factor - Max Dryness Setting (lbs/kWh) for the dryer in a Combination All-in-One Washer-Dryer,Additional Dryer Features for the dryer in a Combination All-in-One Washer-Dryer,Connected,Connects Using,Communication Standard Application Layer,Direct on-premises Open-standard Based Interconnection,Paired ENERGY STAR Clothes Dryer Available,Paired ENERGY STAR Clothes Dryer ENERGY STAR Model Identifier,Date Available On Market,Date Certified,Markets,ENERGY STAR Model Identifier,Meets ENERGY STAR Most Efficient 2025 Criteria
2394860,FINLUX,WM3228SCH,,8698902064422,Front Load,,"Hand Wash Cycle,Steam Cycle,Sanitize Option,Perm Press",Residential,2.2,33.25,23.5,23.50,2.07,1.84,110,4.2,4.7,2713,,,,,,,,"Sanitization cycle,Filter cleaning indicator,Drum light,Wrinkle prevention option,Time remaining display,Energy monitor/indicator",No,,,,Yes,ES_1142648_DR4409DSCH_031420221507222_7090010,03/01/2022,04/15/2022,Canada,ES_1142648_WM3228SCH_022220221407348_1828599,No
2393288,Frigidaire,FWFX22D4EW,,012505388637,Front Load,,"Delayed Start,Gentle Cycle",Residential,4.4,38.00,27.0,32.00,2.76,1.84,50,3.2,4.7,4154,,,,,,,,None,No,,,,Yes,ES_1021080_ELFE7337***_030820222037470_3587891,03/11/2022,02/23/2022,United States,ES_1021080_FWFX22D4EW_02242022115137_80116962,No
2453239,FULGOR MILANO,FM4WM24W1,,8019801032594,Front Load,,"Hand Wash Cycle,Steam Cycle,Sanitize Option,Drum Clean",Residential,2.2,33.25,23.5,23.50,2.07,1.84,110,4.2,4.7,2713,,,,,,,,None,No,,,,Yes,ES_1136869_FM4CD24W1_033120231746250_2275090,04/01/2023,04/12/2023,"United States, Canada",ES_1136869_FM4WM24W1_033120231710456_7306654,No
2324849,GE,GFW148S*M***,",,Color: White / White",084691826651,Front Load,,"Gentle Cycle,Steam Cycle,Delayed Start,Sanitize Option,Hand Wash Cycle",Residential,2.4,,23.4,,2.07,1.84,97,4.2,4.7,2961,,,,,,,,,No,,,,Yes,ES_1123206_GFT14ES*M***_08292018161048_9048548,08/27/2018,08/27/2018,"United States, Canada",ES_1123206_GFW148S*M***_08272018155407_5247195,No
3814888,GE,GFW350S*Y***,",GFW350SPYDS,; ,GFW350SSYWW,",084691962694;084691962700,Front Load,,"Delayed Start,Sanitize Option,Gentle Cycle",Residential,4.6,39.75,28.0,32.00,2.76,1.84,150,3,4.7,4044,,,,,,,,,No,,,,No,,12/09/2024,11/26/2024,"United States, Canada",ES_1123206_GFW350S*Y***_112120242148304_4144587,No
2351443,GE,GFW510S*N***,",GFW510SCNWW,Color: White; UPC 084691849377",084691849377,Front Load,,"Delayed Start,Sanitize Option,Gentle Cycle",Residential,4.5,,28.0,,2.76,1.84,150,3,4.7,3983,,,,,,,,,No,,,,Yes,"ES_1123206_GFV55ES*N***_03112020143611_7371251, ES_1123206_GFV55ES*N***_03112020143551_7351317",01/13/2020,12/18/2019,"United States, Canada",ES_1123206_GFW510S*N***_12182019134400_6640243,No
2508135,GE,GFW510S*V***,",GFW510SCVWW,",084691928034,Front Load,,Sanitize Option,Residential,4.6,39.80,28.0,32.00,2.76,1.84,150,3,4.7,4044,,,,,,,,,No,,,,No,,06/16/2023,06/08/2023,"United States, Canada",ES_1123206_GFW510S*V***_06072023154253_8130897,No
2350140,GE,GFW550S*N***,",GFW550SPNDG,Color: Diamond Gray; UPC 084691849322; ,GFW550SSNWW,Color: White; UPC 084691849339",,Front Load,,"Delayed Start,Sanitize Option,Gentle Cycle",Residential,4.8,,28.0,,2.76,1.84,158,3,4.7,4239,,,,,,,,,No,,,,Yes," ES_1123206_GFD55ES*N***_01282020203606_3766726, ES_1123206_GFV55ES*N***_03112020143551_7351317,ES_1123206_GFD55ES*N***_01282020203519_3719066, ES_1123206_GFV55ES*N***_03112020143611_7371251",11/25/2019,11/21/2019,"United States, Canada",ES_1123206_GFW550S*N***_11212019143018_6618069,No
2389000,GE,GFW550S*R***,",GFW550SPRRS,Sapphire Blue",084691881186,Front Load,,Sanitize Option,Residential,4.8,39.75,28.0,32.00,2.76,1.84,158,3,4.7,4239,,,,,,,,,No,,,,Yes,"ES_1123206_GFD55ES*N***_01282020203519_3719066, ES_1123206_GFD55ES*N***_01282020203606_3766726, ES_1123206_GFD55GS*N***_02112020185320_7200902",12/14/2021,12/08/2021,"United States, Canada",ES_1123206_GFW550S*R***_120620210917635_3407642,No
2346259,GE,GFW650S*N***,"H48F_4_NA,GFW650SPNSN,Color: Nickel; UPC 084691849308; H48F_4_NA,GFW650SSNWW,Color: White; UPC 084691849315",084691849315,Front Load,,"Steam Cycle,Delayed Start,Sanitize Option,Gentle Cycle",Residential,4.8,,28.0,,2.76,1.84,158,3,4.7,4239,,,,,,,,,No,,,,Yes," ES_1123206_GFD65ES*N***_10172019151040_5040437,ES_1123206_GFD65ES*N***_10172019150732_4852672",09/16/2019,09/12/2019,"United States, Canada",ES_1123206_GFW650S*N***_09122019155821_3901966,No
2495045,GE,GFW655S*V***,",GFW655SPVDS,; ,GFW655SSVWW,",084691928065;084691928072,Front Load,,Sanitize Option,Residential,5,39.80,28.0,32.00,2.76,1.84,158,3,4.7,4425,,,,,,,,,No,,,,No,,05/29/2023,05/23/2023,"United States, Canada",ES_1123206_GFW655S*V***_052220231557191_8390438,No
2346625,GE,GFW850S*N***,",GFW850SPNDG,Color: Nickel; UPC 084691849360; ,GFW850SPNRS,Color: Sapphire; UPC 084691849346; ,GFW850SSNWW,Color: White; UPC 084691849292",084691849292,Front Load,,"Steam Cycle,Delayed Start,Sanitize Option,Gentle Cycle",Residential,5,,28.0,,2.76,1.84,158,3,4.7,4460,,,,,,,,,No,,,,Yes,"ES_1123206_GFD85ES*N***_10172019150044_4444982, ES_1123206_GFD85GS*N***_12112019174131_6091607",09/19/2019,09/17/2019,"United States, Canada",ES_1123206_GFW850S*N***_09182019105700_4220025,No
2306360,GE,GTW470BMM***,,757638972017,Top Load,,"Gentle Cycle,Other",Residential,4.2,,26.9,,2.15,1.29,160,4,8.4,4956,,,,,,,,,No,,,,No,,01/15/2018,11/13/2017,Canada,ES_1123206_GTW470BMM***_11132017183024_7824210,No
2306361,GE,GTW485BMM***,,757638970365,Top Load,,"Gentle Cycle,Other",Residential,4.2,,26.9,,2.15,1.29,160,4,8.4,4956,,,,,,,,,No,,,,No,,01/15/2018,11/13/2017,Canada,ES_1123206_GTW485BMM***_11132017183121_7881406,No
2310625,GE,GTW490ACJ2WS,,84691815884,Top Load,,Gentle Cycle,Residential,4.4,,27.0,,2.07,1.29,133,4.1,8.4,5273,,,,,,,,,No,,,,No,,12/14/2023,07/17/2017,United States,ES_1123206_GTW490ACJ2WS_07082016164117_6077407,No
2310626,GE,GTW490ACJ3WS,,84691815884,Top Load,,Gentle Cycle,Residential,4.4,,27.0,,2.07,1.29,133,4.1,8.4,5273,,,,,,,,,No,,,,No,,12/12/2016,02/12/2018,United States,ES_1123206_GTW490ACJ3WS_12122016183244_7564196,No
2300603,GE,GTW490ACJ4WS,,84691815884,Top Load,,Gentle Cycle,Residential,4.4,,26.9,,2.07,1.29,133,4.1,8.4,5322,,,,,,,,,No,,,,No,,08/10/2017,07/17/2017,United States,ES_1123206_GTW490ACJ4WS_07172017153609_5769395,No
2319462,GE,GTW490ACJ5WS,,084691815884,Top Load,,Gentle Cycle,Residential,4.4,,27.0,,2.07,1.29,133,4.1,8.4,5273,,,,,,,,,No,,,,No,,05/15/2018,05/07/2018,United States,ES_1123206_GTW490ACJ5WS_05072018173126_4286987,No
2384708,GE,GTW490ACJ6WS,",,Color: White / Silver",084691815884,Top Load,,Impeller,Residential,4.4,44.00,27.0,27.00,2.07,1.29,133,4.1,8.4,5322,,,,,,,,,No,,,,No,,05/11/2021,09/28/2021,United States,ES_1123206_GTW490ACJ6WS_092720211517680_5420561,No
2392843,GE,GTW490ACJ7WS,",,Color: White / Silver",084691815884,Top Load,,Impeller,Residential,4.4,44.00,27.0,27.00,2.07,1.29,133,4.1,8.4,5322,,,,,,,,,No,,,,No,,02/14/2022,09/28/2021,United States,ES_1123206_GTW490ACJ7WS_020820221230443_9870428,No
3387648,GE,GTW490ACJ8WS,,084691815884,Top Load,,Impeller,Residential,4.4,44.00,27.0,27.00,2.07,1.29,170,4.1,8.4,5346,,,,,,,,,No,,,,No,,01/29/2024,01/22/2024,United States,ES_1123206_GTW490ACJ8WS_011820242102432_6800646,No
2374994,GE,GTW490BMR***,,757638370103,Top Load,,Gentle Cycle,Residential,4.1,,26.8,,2.06,1.29,156,4.3,8.4,5252,,,,,,,,,No,,,,No,,02/22/2021,02/22/2021,Canada,ES_92277_GTW490BMR***_031820210717386_1699983,No
4006640,GE,GTW491BMR***,",GTW491BMRDG,; ,GTW491BMRWS,",757638430401;757638430418,Top Load,,Gentle Cycle,Residential,4.1,,26.8,,2.06,1.29,156,4.3,8.4,5252,,,,,,,,,No,,,,No,,05/05/2025,03/31/2025,Canada,ES_92277_GTW491BMR***_032720251447975_1289151,No
2331678,GE,GTW500A*N***,",GTW500ASNWS,Color: White / Silver",084691845638,Top Load,,"Gentle Cycle,Delayed Start",Residential,4.6,,27.0,,2.06,1.29,175,4.3,8.4,5860,,,,,,,,,No,,,,,,12/17/2018,12/05/2018,"United States, Canada",ES_1123206_GTW500A*N***_12052018194545_9145154,No
2370952,GE,GTW500A*N***,",GTW500ASNWS,",084691845638,Top Load,,Gentle Cycle,Residential,4.6,,27.0,,2.06,1.29,175,4.3,8.4,5860,,,,,,,,,No,,,,,,04/19/2021,12/16/2020,"United States, Canada",ES_1123206_GTW500A*N***_121520200855585_6243535,No
3387646,GE,GTW538A*W***,",GTW538ASWWS,",084691946038,Top Load,,"Sanitize Option,Gentle Cycle",Residential,4.6,44.00,27.0,27.00,2.06,1.29,175,4.3,8.4,5860,,,,,,,,,No,,,,No,,01/29/2024,01/22/2024,United States,ES_1123206_GTW538A*W***_011820241701963_1299345,No
2370953,GE,GTW540A*P***,",GTW540ASPWS,",084691870944,Top Load,,"Sanitize Option,Gentle Cycle",Residential,4.6,,27,,2.06,1.29,175,4.3,8.4,5860,,,,,,,,,No,,,,,,12/22/2020,12/16/2020,"United States, Canada",ES_1123206_GTW540A*P***_12152020085595_7471356,No
2375000,GE,GTW550BMR***,,757638370127,Top Load,,Gentle Cycle,Residential,4.3,,26.8,,2.08,1.29,164,3.7,8.4,4683,,,,,,,,,No,,,,No,,02/22/2021,02/22/2021,Canada,ES_92277_GTW550BMR***_031820210717165_7444530,No
2333287,GE,GTW560BM***,,757638359092,Top Load,,"Gentle Cycle, Cold Wash, Active Wear, Speed Wash, Casuals, Dark Colors, Bulky Items, Whites, Heavy Duty",Residential,4.3,,26.9,,2.2,1.29,137,3.7,8.4,4726,,,,,,,,,No,,,,No,,01/02/2019,02/11/2019,Canada,ES_1123206_GTW560BM***_02112019161938_1978986,No
2333288,GE,GTW575BM***,,757638359108,Top Load,,"Gentle Cycle, Cold Wash, Active Wear, Speed Wash, Casuals, Dark Colors, Bulky Items, Whites, Heavy Duty",Residential,4.3,,26.9,,2.2,1.29,137,3.7,8.4,4726,,,,,,,,,No,,,,No,,01/02/2019,02/11/2019,Canada,ES_1123206_GTW575BM***_02112019161952_1992693,No
2375001,GE,GTW580BMR***,,757638370134,Top Load,,Gentle Cycle,Residential,4.3,,26.8,,2.08,1.29,164,3.7,8.4,4683,,,,,,,,,No,,,,No,,02/22/2021,02/22/2021,Canada,ES_92277_GTW580BMR***_031820210717593_7425977,No
2306362,GE,GTW680BMM**,,757638970372,Top Load,,"Gentle Cycle,Other",Residential,4.6,,26.9,,2.16,1.29,165,3.4,8.4,4624,,,,,,,,,No,,,,No,,01/15/2018,11/13/2017,Canada,ES_1123206_GTW680BMM**_11132017183220_7940632,No
2306363,GE,GTW680BMM**,,757638973697,Top Load,,"Gentle Cycle,Other",Residential,4.6,,26.9,,2.16,1.29,165,3.4,8.4,4624,,,,,,,,,No,,,,No,,01/15/2018,11/13/2017,Canada,ES_1123206_GTW680BMM**_11132017183256_7976844,No
2375002,GE,GTW680BMR***,,757638370141,Top Load,,Gentle Cycle,Residential,4.6,,26.8,,2.16,1.29,165,3.4,8.4,4614,,,,,,,,,No,,,,No,,02/22/2021,02/22/2021,Canada,ES_92277_GTW680BMR***_031820210717868_9464251,No
4006641,GE,GTW681BMR***,",GTW681BMRDG,; ,GTW681BMRWS,",757638430425;757638430432,Top Load,,Gentle Cycle,Residential,4.6,,26.8,,2.16,1.29,165,3.4,8.4,4614,,,,,,,,,No,,,,No,,05/05/2025,03/31/2025,Canada,ES_92277_GTW681BMR***_032720251447218_1876275,No
2310720,GE,GTW685B*L***,",GTW685BPLDG,Color - Diamond Gray, UPC - 084691825739; ,GTW685BSLWS,Color - White / Silver, UPC - 084691825609",84691825609,Top Load,,"Gentle Cycle,Delayed Start,Sanitize Option",Residential,4.5,,27.0,,2.06,1.29,150,4.3,8.4,5683,,,,,,,,,No,,,,Yes,"ES_1123206_GTD65EB*J***_08242015154618_1178596, ES_1123206_GTD65GB*J***_08242015155701_1821764",05/03/2017,02/12/2018,United States,ES_1123206_GTW685B*L***_05082017184751_9271148,No
2375003,GE,GTW685BMR***,,757638370381,Top Load,,Gentle Cycle,Residential,4.4,,26.8,,2.09,1.29,156,3.8,8.4,4955,,,,,,,,,No,,,,No,,02/22/2021,02/22/2021,Canada,ES_92277_GTW685BMR***_031820210717787_4075197,No
2396762,GE,GTW690BM***,,757638373029,Top Load,,Delayed Start,Residential,4.6,,26.8,,2.06,1.29,165,3.9,8.4,5292,,,,,,,,,No,,,,No,,05/20/2022,05/23/2022,Canada,ES_92277_GTW690BM***_051620221559241_4512241,No
4049684,GE,GTW690BMY***,,757638430579,Top Load,,Delayed Start,Residential,4.6,,26.8,,2.06,1.29,165,3.9,8.4,5292,,,,,,,,,No,,,,,,06/01/2025,05/21/2025,Canada,ES_92277_GTW690BMY***_051620251501742_9033782,No
2340782,GE,GTW720B*N***,",,Color: White / Silver; ,GTW720BPNDG,Color: Diamond Gray; ,GTW720BSNWS,Color: White / Silver",084691842910;084691842965,Top Load,,"Delayed Start,Sanitize Option,Gentle Cycle",Residential,4.8,,27.0,,2.06,1.29,165,4.3,8.4,6076,,,,,,,,,No,,,,No,,07/08/2019,07/03/2019,"United States, Canada",ES_1123206_GTW720B*N***_07032019154626_8786582,No
2331684,GE,GUD27EE*N***,",GUD27EESNWW,Color: White",084691844198,Top Load,,Gentle Cycle,Residential,3.9,,26.8,,2.06,1.29,140,4.3,8.4,4947,,,,,,,,,No,,,,,,12/10/2018,11/30/2018,United States,ES_1123206_GUD27EE*N***_12032018150843_9723388,No
2331685,GE,GUD27EE*N***,",GUD27EEMNWW,Color: White",757638359115,Top Load,,Gentle Cycle,Residential,3.9,,26.8,,2.06,1.29,140,4.3,8.4,4947,,,,,,,,,No,,,,,,12/10/2018,11/30/2018,Canada,ES_1123206_GUD27EE*N***_12172018162946_4186828,No
2331687,GE,GUD27GE*N***,",GUD27GESNWW,Color: White",084691844181,Top Load,,Gentle Cycle,Residential,3.9,,26.8,,2.06,1.29,140,4.3,8.4,4947,,,,,,,,,No,,,,,,12/10/2018,11/30/2018,United States,ES_1123206_GUD27GE*N***_12172018164614_5174137,No
2331686,GE,GUD37EE*N***,",GUD37EEMNDG,Color: Diamond Gray",757638359122,Top Load,,Gentle Cycle,Residential,3.9,,26.8,,2.06,1.29,140,4.3,8.4,4947,,,,,,,,,No,,,,,,12/10/2018,11/30/2018,Canada,ES_1123206_GUD37EE*N***_12172018163621_4581447,No
2399193,GE,GUD57EE*T***,,757638361606,Top Load,,"Agitator,Gentle Cycle",Residential,3.9,75.70,26.8,30.85,2.06,1.29,140,4.3,8.4,4960,,,,,,,,,No,,,,Yes,ES_92277_GUD57EE*****_072120221855923_6493542,08/01/2022,07/26/2022,Canada,ES_92277_GUD57EE*****_072120221855923_4316951,No
2344117,GE Adora,GTW495*****,,757638360890,Top Load,,Gentle Cycle,Residential,4.2,,26.9,,2.15,1.29,160,4,8.4,4956,,,,,,,,,No,,,,No,,08/19/2019,08/07/2019,Canada,ES_1123206_GTW495*****_08072019164755_6475426,No
3550197,GE Profile,PFQ83HSHW***,",PFQ83HSHWWW,White",084691957362,Front Load,Combination All-in-One Washer/Dryer,Sanitize Option,Residential,4.6,46.70,28.0,32.00,2.76,1.84,150,3,4.7,4106,4.6,Heat Pump,6.00,399,,Normal DRY (Sensor Dry Only) Eco Dry defaut off,,Combo with Ventless Heat Pump Technology Washer/Dryer,No,,,,No,,07/08/2024,07/02/2024,"United States, Canada",ES_1123206_PFQ83HSHW***_062820241716688_6912815,No
3550196,GE Profile,PFQ83HSLW***,",PFQ83HSLWWW,White",084691957355,Front Load,Combination All-in-One Washer/Dryer,Sanitize Option,Residential,4.6,46.70,28.0,32.00,2.76,1.84,150,3,4.7,4106,4.6,Heat Pump,6.00,399,,Normal DRY (Sensor Dry Only) Eco Dry defaut off,,Combo with Ventless Heat Pump Technology Washer/Dryer,No,,,,No,,07/08/2024,07/02/2024,"United States, Canada",ES_1123206_PFQ83HSLW***_06282024180781_1713981,No
3550202,GE Profile,PFQ83HSPW***,",PFQ83HSPWRS,Sapphire Blue",084691957348,Front Load,Combination All-in-One Washer/Dryer,Sanitize Option,Residential,4.6,46.70,28.0,32.00,2.76,1.84,150,3,4.7,4106,4.6,Heat Pump,6.00,399,,Normal DRY (Sensor Dry Only) Eco Dry defaut off,,Combo with Ventless Heat Pump Technology Washer/Dryer,No,,,,No,,07/08/2024,07/02/2024,"United States, Canada",ES_1123206_PFQ83HSPW***_062820241740211_4237636,No
3550203,GE Profile,PFQ83HSSW***,",PFQ83HSSWWW,White",084691957379,Front Load,Combination All-in-One Washer/Dryer,Sanitize Option,Residential,4.6,46.70,28.0,32.00,2.76,1.84,150,3,4.7,4106,4.6,Heat Pump,6.00,399,,Normal DRY (Sensor Dry Only) Eco Dry defaut off,,Combo with Ventless Heat Pump Technology Washer/Dryer,No,,,,No,,07/08/2024,07/02/2024,"United States, Canada",ES_1123206_PFQ83HSSW***_062820241716606_7654878,No
2407727,GE Profile,PFQ97HS*V***,",PFQ97HSPVDS,Carbon Graphite",084691916062,Front Load,Combination All-in-One Washer/Dryer,Sanitize Option,Residential,4.8,46.70,28.0,32.00,2.76,1.84,136,3,4.7,4283,4.8,Heat Pump,6.00,399,,,,Ventless,No,,,,,,02/02/2023,01/31/2023,"United States, Canada",ES_1123206_PFQ97HS*V***_012720232048213_2480524,No
2732560,GE Profile,PFW870S*V***,",PFW870SPVRS,; ,PFW870SSVWW,",084691939191;084691939207,Front Load,,Sanitize Option,Residential,5.3,39.80,28.0,34.00,2.92,1.84,136,3,4.7,4726,,,,,,,,,No,,,,Yes,,11/27/2023,11/08/2023,"United States, Canada",ES_1123206_PFW870S*V***_110820230211531_2746626,No
2389043,GE Profile,PFW950S*T***,",PFW950SPTDS,Black Slate",084691885405,Front Load,,Sanitize Option,Residential,5.3,39.75,28.0,34.00,2.76,1.84,158,3,4.7,4691,,,,,,,,,No,,,,,,12/13/2021,12/09/2021,"United States, Canada",ES_1123206_PFW950S*T***_120620211047758_5190619,No
3478110,GE Profile,PFW955S*W***,",PFW955SPWDS,; ,PFW955SPWGN,",084691948384;084691948391,Front Load,,Sanitize Option,Residential,5.5,39.80,28.0,34.00,2.92,1.84,136,3,4.7,4868,,,,,,,,,No,,,,No,,05/27/2024,05/20/2024,"United States, Canada",ES_1123206_PFW955S*W***_051620241635578_8424661,No
2382907,GE Profile,PTW600B*R***,",PTW600BPRDG,Color: Diamond Gray; ,PTW600BSRWS,Color: White",084691876328;084691876359,Top Load,,Gentle Cycle,Residential,5,56.00,27.9,28.00,2.06,1.29,158,4.3,8.4,6343,,,,,,,,None,No,,,,Yes,ES_1123206_PTD60GB*R***_062920211716333_3715946,08/30/2021,08/05/2021,"United States, Canada",ES_1123206_PTW600B*R***_080320211017334_5509164,No
2382908,GE Profile,PTW605B*R***,",PTW605BPRDG,Color: Diamond Gray; ,PTW605BSRWS,Color: White",084691876335;084691876342,Top Load,,Gentle Cycle,Residential,4.9,56.00,27.9,28.00,2.06,1.29,158,4.3,8.4,6216,,,,,,,,None,No,,,,Yes,ES_1123206_PTW605B*R***_08032021101799_6106607,08/30/2021,08/05/2021,"United States, Canada",ES_1123206_PTW605B*R***_08032021101799_6106607,No
2390457,GE Profile,PTW700B*T***,",PTW700BPTDG,Diamond Gray; ,PTW700BPTRS,Royal Sapphire; ,PTW700BSTWS,White",084691891901;084691891956;084691903789,Top Load,,"Delayed Start,Impeller,Sanitize Option,Gentle Cycle",Residential,5.4,43.90,27.9,23.20,2.06,1.29,145,4.3,8.4,6825,,,,,,,,,No,,,,Yes,ES_1123206_PTD70GB*T***_12082021151724_9442244,01/17/2022,01/13/2022,"United States, Canada",ES_1123206_PTW700B*T***_011020221107427_5459185,No
2392620,GE Profile,PTW705B*T***,",PTW705BPTDG,Diamond Gray; ,PTW705BPTRS,Sapphire Blue; ,PTW705BSTWS,White",084691891932;084691891949;084691903796,Top Load,,Delayed Start,Residential,5.3,43.90,27.9,28.00,2.06,1.29,145,4.3,8.4,6698,,,,,,,,,No,,,,Yes,"ES_1123206_PTD70EB*T***_120820211148933_7618023, ES_1123206_PTD70EB*T***_012020221610314_6625451, ES_1123206_PTD70GB*T***_12082021151724_9442244",02/07/2022,02/02/2022,"United States, Canada",ES_1123206_PTW705B*T***_013020221836827_7047969,No
3554290,GE Profile,PTW800B*W***,",PTW800BPWRS,Sapphire Blue",084691959564,Top Load,,Delayed Start,Residential,5.4,43.90,27.9,23.20,2.06,1.29,145,4.3,8.4,6825,,,,,,,,,No,,,,Yes,ES_1123206_PTD80GB*T***_072220251541199_3623832,07/22/2024,07/15/2024,"United States, Canada",ES_1123206_PTW800B*W***_071120242135675_4534903,No
3554315,GE Profile,PTW805B*W***,",PTW805BPWRS,Sapphire Blue",084691959571,Top Load,,Delayed Start,Residential,5.3,43.90,27.9,28.00,2.06,1.29,145,4.3,8.4,6698,,,,,,,,,No,,,,Yes,ES_1123206_PTD80GB*T***_072220251541199_3623832,07/22/2024,07/15/2024,"United States, Canada",ES_1123206_PTW805B*W***_071120242213617_5124513,No
2390459,GE Profile,PTW900B*T***,",PTW900BPTDG,Diamond Gray; ,PTW900BPTRS,Royal Sapphire; ,PTW900BSTWS,White",084691891918;084691891925;084691891994,Top Load,,"Delayed Start,Impeller,Sanitize Option,Gentle Cycle",Residential,5.4,43.90,27.9,23.20,2.06,1.29,145,4.3,8.4,6825,,,,,,,,,No,,,,Yes,ES_1123206_PTD90GB*T***_020820220836249_9336129,01/17/2022,01/13/2022,"United States, Canada",ES_1123206_PTW900B*T***_011020221107930_5044387,No
2392619,GE Profile,PTW905B*T***,",PTW905BPTDG,Diamond Gray; ,PTW905BPTRS,Sapphire Blue; ,PTW905BSTWS,White",084691891970;084691891987;084691892014,Top Load,,Delayed Start,Residential,5.3,43.90,27.9,28.00,2.06,1.29,145,4.3,8.4,6698,,,,,,,,,No,,,,Yes,ES_1123206_PTD90GB*T***_020820220836249_9336129,02/07/2022,02/02/2022,"United States, Canada",ES_1123206_PTW905B*T***_013020221836446_3707708,No
3942870,Gorenje,WNPA54U,,,Front Load,,"Delayed Start,Hand Wash Cycle,Anti-Wrinkle",Residential,1.9,,23.4,,,1.84,100,4,4.7,2254,,,,,,,,,No,,,,No,,04/02/2025,01/14/2025,"United States, Canada",ES_1147102_WNPA54U_01142025104445_80240418,No
3942871,Gorenje,WNPA64U,,,Front Load,,"Delayed Start,Hand Wash Cycle,Anti-Wrinkle",Residential,2.3,,23.4,,,1.84,100,4,4.7,2667,,,,,,,,,No,,,,No,,04/02/2025,01/14/2025,"United States, Canada",ES_1147102_WNPA64U_01142025104445_80240418,No
2340369,Haier,QFW150S*N***,",QFW150SSNWW,Color: White",084691841883,Front Load,,"Delayed Start,Steam Cycle,Sanitize Option,Gentle Cycle",Residential,2.4,,23.4,,2.07,1.84,108,4.2,4.7,2974,,,,,,,,,No,,,,Yes,ES_1123206_QFD15ES*N***_06282019145701_3821840,07/08/2019,06/26/2019,"United States, Canada",ES_1123206_QFW150S*N***_06262019192419_7059687,No
2399989,Hamilton Beach,HBFW3205,,058465825614,Front Load,,"Hand Wash Cycle,Steam Cycle,Sanitize Option,Drum Clean, Perm Press, Bulky, Wool, Sports Wear",Residential,2.2,33.25,23.5,23.50,2.07,1.84,110,4.2,4.7,2713,,,,,,,,,No,,,,No,,09/01/2022,08/11/2022,"United States, Canada",ES_1120898_HBFW3205_062220221518439_4618456,No
2331774,Inglis,IFW5900H**,,883049473079,Front Load,,"Anti-Wrinkle,Sanitize Option,Clean Washer with Affresh",Residential,4.3,,27.0,,2.76,1.84,123,3.2,4.7,4097,,,,,,,,,No,,,,No,,12/03/2018,08/24/2018,"United States, Canada",ES_15649_IFW5900H**_10142018185237_3157188,No
2384071,Insignia,NS-FWM27W1,,,Front Load,,Delayed Start,Residential,2.7,,23.4,,2.76,1.84,75,3.2,4.7,2549,,,,,,,,None,No,,,,,,08/18/2021,09/01/2021,"United States, Canada",ES_1059185_NS-FWM27W1_090320210024367_6206889,No
2384072,Insignia,NS-FWM27W1-***,",,* Can be A-Z, a-z, all models are identical except the model name",,Front Load,,Delayed Start,Residential,2.7,,23.4,,2.76,1.84,75,3.2,4.7,2549,,,,,,,,None,No,,,,,,08/18/2021,09/01/2021,"United States, Canada",ES_1059185_NS-FWM27W1-***_09032021002430_8812924,No
2397287,Insignia,NS-FWM45W3,,,Front Load,,None,Residential,4.5,,27.0,,2.76,1.84,110,3.2,4.7,4248,,,,,,,,,No,,,,,,05/25/2022,06/08/2022,"United States, Canada",ES_1059185_NS-FWM45W3_060820220311772_8455966,No
2397288,Insignia,NS-FWM45W3***,,,Front Load,,None,Residential,4.5,,27.0,,2.76,1.84,110,3.2,4.7,4248,,,,,,,,,No,,,,,,05/25/2022,06/08/2022,"United States, Canada",ES_1059185_NS-FWM45W3***_060820220311971_7102013,No
2545602,AEG,W14120,,051497390297,Front Load,,"Hand Wash Cycle,Steam Cycle,Sanitize Option,Drum Clean",Residential,2.2,33.25,23.5,23.50,2.07,1.84,110,4.2,4.7,2713,,,,,,,,None,No,,,,Yes,ES_1149287_DC240_062020232101746_4765892,06/26/2023,07/04/2023,Canada,ES_1149287_W14120_06222023145097_1536512,No
3705407,AEG,WHP120,,,Front Load,,None,Residential,2.7,,23.4,,2.76,1.84,75,3.2,4.7,2549,,,,,,,,,No,,,,,,09/25/2024,10/16/2024,Canada,ES_1149287_WHP120_101620240342659_1463793,No
2331773,Amana,NFW5800H**,,883049453552,Front Load,,"Anti-Wrinkle,Sanitize Option,Clean Washer with Affresh",Residential,4.3,,27.0,,2.76,1.84,123,3.2,4.7,4097,,,,,,,,None,No,,,,Yes,ES_22856_NGD5800H**_07022019213222_3142480,12/03/2018,08/24/2018,"United States, Canada",ES_15649_NFW5800H**_10142018185145_3105252,No
2309900,Asko,W2084.W.U,,578206,Front Load,,"Delayed Start,Hand Wash Cycle,Anti-Wrinkle,Gentle Cycle,Heavy-duty construction, Large-capacity stainless steel drum, ActivedrumTM technology##Quattro SuspensionTM technology, Spin speed up to 1400 rpm, Steel SealTM technology, LCD display, Quiet operation 51dB (A) wash/75 dB (A) spin, Auto program, Remaining time and program end indicator, Stacked or side by side installation",Residential,2,,23.4,,2.31,1.84,75,2.9,4.7,1728,,,,,,,,,No,,,,Yes,ES_1123023_T208H.W.U_08032017015947_70148998,01/01/2018,02/02/2018,"United States, Canada",ES_1123023_W2084.W.U_02022018102131_70173114,No
2393379,Avanti,FLW22V0W,,079841212200,Front Load,,"Hand Wash Cycle,Steam Cycle,Sanitize Option,Drum Clean",Residential,2.2,33.25,23.5,23.50,2.07,1.84,110,4.2,4.7,2713,,,,,,,,"Sanitization cycle,Filter cleaning indicator,Drum light,Time remaining display,Wrinkle prevention option,Energy monitor/indicator",No,,,,Yes,ES_92257_FLD40V0W_022520221436163_8591520,03/01/2022,02/26/2022,"United States, Canada",ES_92257_FLW22V0W_022220220906807_9419145,No
3942863,AVIVA,ALWF190WH,,,Front Load,,"Delayed Start,Hand Wash Cycle,Anti-Wrinkle",Residential,1.9,,23.4,,,1.84,100,4,4.7,2254,,,,,,,,,No,,,,No,,04/02/2025,01/14/2025,Canada,ES_1147102_ALWF190WH_01142025104445_80240418,No
4170404,Beko,BWM242300SWW,,8690842762512,Front Load,,"Hand Wash Cycle,Steam Cycle,Anti-Wrinkle,Sanitize Option,Gentle Cycle",Residential,2.3,33.20,23.6,22.80,2.3,1.84,73,3.7,4.7,2510,,,,,,,,,No,,,,,,06/01/2025,05/23/2025,"United States, Canada",ES_1036108_BWM242300SWW_050920251949676_2122924,Yes
2332833,Beko,BWM7200X,,8690842162633,Front Load,,"Hand Wash Cycle,Gentle Cycle,Steam feature, Anticrease+",Residential,1.9,,24.0,,2.07,1.84,84,3.6,4.7,2060,,,,,,,,,No,,,,No,,02/01/2019,01/31/2019,"United States, Canada",ES_1036108_BWM7200X_01312019211435_9275573,No
2400444,Beko,WFTV10733XC*,,8690842514876,Front Load,,Anti-Wrinkle,Residential,2.3,33.10,23.6,22.80,2.1,1.84,106,3.8,4.7,2578,,,,,,,,,No,,,,Yes,ES_1036108_HPD24414W3_022020251426214_7067838,08/31/2022,08/23/2022,"United States, Canada",ES_1036108_WFTV10733XC*_081120221830592_2562561,No
2393618,BLACK DECKER,BFLW27MW,,910064690716,Front Load,,None,Residential,2.7,,23.5,,2.76,1.84,101,3.2,4.7,2549,,,,,,,,,No,,,,,,02/25/2022,03/08/2022,"United States, Canada",ES_1126481_BFLW27MW_030820220219651_1280462,No
4439705,BLACK+DECKER,BFLW45M,,,Front Load,,None,Residential,4.6,,27.0,,2.76,1.84,110,3.2,4.7,4305,,,,,,,,,No,,,,,,06/11/2025,07/02/2025,"United States, Canada",ES_1126481_BFLW45M_07012025235592_9198247,No
4170403,Blomberg,BLWM242300SWG,,8690842762505,Front Load,,"Hand Wash Cycle,Steam Cycle,Anti-Wrinkle,Sanitize Option,Gentle Cycle",Residential,2.3,33.20,23.6,22.80,2.3,1.84,73,3.7,4.7,2510,,,,,,,,,No,,,,,,06/01/2025,05/23/2025,"United States, Canada",ES_1036108_BLWM242300SWG_050920251949683_3288358,Yes
2332834,Blomberg,WM72200W,,8690842162633,Front Load,,"Hand Wash Cycle,Gentle Cycle,Steam feature, Anticrease+",Residential,1.9,,24.0,,2.07,1.84,84,3.6,4.7,2060,,,,,,,,,No,,,,No,,02/01/2019,01/31/2019,"United States, Canada",ES_1036108_WM72200W_01312019211451_9291862,No
2400443,Blomberg,WM98220SX*,,8690842516788,Front Load,,Anti-Wrinkle,Residential,2.3,33.10,23.6,22.80,2.1,1.84,106,3.8,4.7,2578,,,,,,,,,No,,,,Yes,ES_1036108_DHP24404W3_022020251426791_4411032,08/31/2022,08/23/2022,"United States, Canada",ES_1036108_WM98220SX*_081120221830200_9220326,No
2363886,Bosch,WAW285H1UC,,825225963233,Front Load,,"Delayed Start,Hand Wash Cycle,Anti-Wrinkle,Sanitize Option,Gentle Cycle",Residential,2.2,,23.5,,2.2,1.84,84,3.7,4.7,2379,,,,,,,,,Yes,Wi-Fi,,,Yes,ES_31649_WTW87NH1UC_07082020153043_1234247,10/01/2020,07/31/2020,"United States, Canada",ES_31649_WAW285H1UC_07082020145146_4616052,Yes
2408401,Bosch,WGA12400**,",WGA14400UC,",825225967231,Front Load,,"Delayed Start,Gentle Cycle",Residential,2.1,,23.5,,2.4,1.84,70,3.7,4.7,2325,,,,,,,,,No,,,,,,03/01/2023,02/21/2023,"United States, Canada",ES_31649_WGA12400**_12072022074533_6359826,No
3354743,Bosch,WGB246AXUC,",WGB24600UC,",825225970255;825225970262,Front Load,,"Hand Wash Cycle,Anti-Wrinkle,Sanitize Option,Gentle Cycle",Residential,2.4,,23.5,,2.72,1.84,118,3.5,4.7,2426,,,,,,,,,Yes,,,,,,04/01/2024,01/03/2024,"United States, Canada",ES_31649_WGB246AXUC_12202023113453_4224359,Yes
3942864,BREDA,BRWM814002,,,Front Load,,"Delayed Start,Hand Wash Cycle,Anti-Wrinkle",Residential,1.9,,23.4,,,1.84,100,4,4.7,2254,,,,,,,,,No,,,,No,,04/02/2025,01/14/2025,"United States, Canada",ES_1147102_BRWM814002_01142025104445_80240418,No
3942865,BREDA,BRWM914002,,,Front Load,,"Delayed Start,Hand Wash Cycle,Anti-Wrinkle",Residential,2.3,,23.4,,,1.84,100,4,4.7,2667,,,,,,,,,No,,,,No,,04/02/2025,01/14/2025,"United States, Canada",ES_1147102_BRWM94002_01142025104445_80240418,No
2393701,BREDA,LUWM81400,,739919,Front Load,,"Delayed Start,Gentle Cycle",Residential,2.3,,23.4,,,1.84,100,3.5,4.7,2375,,,,,,,,,No,,,,No,,03/01/2022,03/08/2022,"United States, Canada",ES_1147102_LUWM81400_03102022122138_80097243,No
2393700,BREDA,LUWM91400,,739920,Front Load,,"Delayed Start,Gentle Cycle",Residential,2.3,,23.4,,,1.84,100,3.5,4.7,2375,,,,,,,,,No,,,,Yes,ES_1147102_LUDH92700_01262022121919_80097240,03/01/2022,03/08/2022,"United States, Canada",ES_1147102_LUWM91400_03102022122138_80097243,No
3543823,Criterion,CFW45N1AW,,,Front Load,,None,Residential,4.5,,27.0,,2.76,1.84,112,3.2,4.7,4257,,,,,,,,,No,,,,,,03/15/2024,06/20/2024,United States,ES_1062598_CFW45N1AW_06202024072580_7828803,No
2622876,Crosley,CFWMH45125AW,,,Front Load,,None,Residential,4.5,,27.1,,2.76,1.84,162,3.2,4.7,4248,,,,,,,,,No,,,,,,07/28/2023,07/28/2023,United States,ES_92264_CFWMH45125AW_072820230209323_5343671,No
2622877,Crosley,CFWMH45125AX,,,Front Load,,None,Residential,4.5,,27.1,,2.76,1.84,162,3.2,4.7,4248,,,,,,,,,No,,,,,,07/28/2023,07/28/2023,United States,ES_92264_CFWMH45125AX_072820230209953_7061582,No
2350855,Crosley,YTW4514*N***,",YTW4514PNDG,Color: Diamond Gray; ,YTW4514SNWS,Color: White",084691853435;084691853442,Top Load,,"Delayed Start,Sanitize Option,Gentle Cycle",Residential,4.5,,26.9,,2.06,1.29,150,4.3,8.4,5683,,,,,,,,,No,,,,Yes,ES_92264_YTD74E2*N***_011720231848244_5006773,12/04/2019,12/02/2019,United States,ES_92264_YTW4514*N***_12052019143043_6243661,No
2546274,Danby,DWM022D1DSDB,,067638031622,Front Load,,Sanitize Option,Residential,2.2,33.25,23.5,23.50,2.07,1.84,110,4.2,4.7,2713,,,,,,,,,No,,,,Yes,ES_31682_DDY040D1SKDSDB_050120242225794_6768219,08/01/2023,07/10/2023,"United States, Canada",ES_31682_DWM022D1DSDB_062620232017958_1667935,No
2667832,Danby,DWM022D3WDB,,067638031714,Front Load,,Sanitize Option,Residential,2.2,33.25,23.5,23.50,2.07,1.84,110,4.2,4.7,2713,,,,,,,,,No,,,,Yes,ES_31682_DDY040D1SKWDB_050120242225790_6818976,09/15/2023,09/13/2023,"United States, Canada",ES_31682_DWM022D3WDB_082920231514271_9454235,No
2667872,Direct Supply,0-36CJ4,,,Front Load,,None,Residential,2.7,,23.4,,2.76,1.84,75,3.2,4.7,2549,,,,,,,,,No,,,,,,09/08/2023,09/14/2023,United States,ES_1149364_0-36CJ4_091420230710576_9306056,No
2358143,Electrolux,ELFW4222***,,012505387623;12505387623,Front Load,,Sanitize Option,Residential,2.4,,23.5,,2.13,1.84,90,3.8,4.7,2690,,,,,,,,,No,,,,Yes,ES_1021080_ELFE4222***_03112020133341_3621099,05/01/2020,04/10/2020,"United States, Canada",ES_1021080_ELFW4222***_04162020102016_80040348,No
2378412,Electrolux,ELFW7337***,,012505388392;12505388392,Front Load,,"Delayed Start,Gentle Cycle",Residential,4.4,38.00,27.0,32.00,2.76,1.84,50,3.2,4.7,4154,,,,,,,,None,No,,,,Yes,ES_1021080_ELFE7337***_062820211816680_1356139,07/01/2021,05/19/2021,"United States, Canada",ES_1021080_ELFW7337***_05252021015644_80075233,No
2378411,Electrolux,ELFW7437***,,012505388408;12505388408,Front Load,,"Steam Cycle,Delayed Start,Sanitize Option,Gentle Cycle",Residential,4.5,38.00,27.0,32.00,2.92,1.84,85,3.2,4.7,4248,,,,,,,,None,No,,,,Yes,ES_1021080_ELFE7437***_062820211816942_5919809,07/01/2021,05/19/2021,"United States, Canada",ES_1021080_ELFW7437***_05252021015644_80075233,No
2378410,Electrolux,ELFW7537***,,012505388446;12505388446;12505388453,Front Load,,"Steam Cycle,Delayed Start,Sanitize Option,Gentle Cycle",Residential,4.5,38.00,27.0,32.00,2.92,1.84,85,3.2,4.7,4248,,,,,,,,None,No,,,,Yes,ES_1021080_ELFE7537***_062820211816231_3995877,07/01/2021,05/19/2021,"United States, Canada",ES_1021080_ELFW7537***_05252021015644_80075233,No
3722020,Electrolux,ELFW7626***,,012505386442,Front Load,,"Delayed Start,Steam Cycle,Sanitize Option,Gentle Cycle",Residential,4.4,0.01,27.0,32.00,2.92,1.84,85,3.2,4.7,4135,,,,,,,,,No,,,,Yes,ES_1021080_ELFG7626***_101720241649472_4150131,11/15/2024,11/08/2024,"United States, Canada",ES_1021080_ELFW7626***_101720241631486_8432601,No
2378409,Electrolux,ELFW7637***,,012505388521;12505388521;12505388538,Front Load,,"Steam Cycle,Delayed Start,Sanitize Option,Gentle Cycle",Residential,4.5,38.00,27.0,32.00,2.92,1.84,85,3.2,4.7,4248,,,,,,,,None,No,,,,Yes,ES_1021080_ELFE7637***_062820211816181_3625903,07/01/2021,05/19/2021,"United States, Canada",ES_1021080_ELFW7637***_05252021015644_80075233,No
3555309,Electrolux,ELFW7738***,",ELFW7738AA,; ,ELFW7738AW,",12505388941;12505388989,Front Load,,"Delayed Start,Sanitize Option,Cold Wash cycle, Allergen, Fast Wash",Residential,4.5,,27.0,,3.2,1.84,74,2.6,4.7,3452,,,,,,,,,No,,,,Yes,ES_1021080_ELFE7738***_041920241457518_2906177,07/26/2024,10/30/2024,"United States, Canada",ES_1021080_ELFW7738AA_071920241312224_9979454,Yes
2507862,Electrolux,ELTE7300*** -,,012505388743,Front Load,Laundry Center,Delayed Start,Residential,4.4,,27.0,32.00,2.76,1.84,50,3.2,4.7,4135,,,,,,,,,No,,,,No,,07/14/2023,06/01/2023,United States,ES_1021080_ELTE7300*** -_050920232051442_9075177,No
2507863,Electrolux,ELTE730C*** -,,012505388767,Front Load,Laundry Center,Delayed Start,Residential,4.4,,27.0,32.00,2.76,1.84,50,3.2,4.7,4135,,,,,,,,,No,,,,No,,07/14/2023,06/01/2023,Canada,ES_1021080_ELTE730C*** -_050920232051429_6713944,No
2507865,Electrolux,ELTE7600*** -,,012505388774,Front Load,Laundry Center,"Delayed Start,Steam Cycle,Sanitize Option,Gentle Cycle",Residential,4.5,,27.0,32.00,2.76,1.84,85,3.2,4.7,4229,,,,,,,,,No,,,,No,,07/14/2023,06/01/2023,United States,ES_1021080_ELTE7600*** -_050920232051587_3750017,No
2507866,Electrolux,ELTE760C*** -,,012505388798,Front Load,Laundry Center,"Delayed Start,Steam Cycle,Sanitize Option,Gentle Cycle",Residential,4.5,,27.0,32.00,2.76,1.84,85,3.2,4.7,4229,,,,,,,,,No,,,,No,,07/14/2023,06/01/2023,Canada,ES_1021080_ELTE760C*** -_050920232051358_3762918,No
2507864,Electrolux,ELTG7300*** -,,012505388750,Front Load,Laundry Center,Delayed Start,Residential,4.4,,27.0,32.00,2.76,1.84,50,3.2,4.7,4135,,,,,,,,,No,,,,No,,07/14/2023,06/01/2023,United States,ES_1021080_ELTG7300*** -_050920232051368_8513494,No
2507867,Electrolux,ELTG7600***,,012505388781,Front Load,Laundry Center,"Delayed Start,Steam Cycle,Sanitize Option,Gentle Cycle",Residential,4.5,,27.0,32.00,2.76,1.84,85,3.2,4.7,4229,,,,,,,,,No,,,,No,,07/14/2023,06/01/2023,United States,ES_1021080_ELTG7600***_050920232051387_6672941,No
2448289,ELEMENT,EFL2724BW,,810649030906,Front Load,,None,Residential,2.7,,23.4,,2.76,1.84,75,3.2,4.7,2549,,,,,,,,,No,,,,,,02/06/2023,03/24/2023,United States,ES_1145034_EFL2724BW_032420230635383_5933236,No
2448288,ELEMENT,EFL4527BW,,810649030876,Front Load,,None,Residential,4.6,,34.2,,2.76,1.84,110,3.2,4.7,4305,,,,,,,,,No,,,,,,02/06/2023,03/24/2023,United States,ES_1145034_EFL4527BW_032420230713491_1707974,No
3354413,Equator Advanced Appliances,CW 2240 T,,747037117263,Front Load,,"Hand Wash Cycle,Steam Cycle,Sanitize Option",Residential,2.2,33.25,23.5,23.50,2.07,1.84,110,4.2,4.7,2713,,,,,,,,,No,,,,Yes,ES_40188_CD 4040 T_11282023164956_1166455,01/01/2024,12/27/2023,"United States, Canada",ES_40188_CW 2240 T_112820231648606_2966798,No
2406486,Equator Advanced Appliances,CW 2240 W,,747037122113,Front Load,,"Steam Cycle,Hand Wash Cycle,Sanitize Option",Residential,2.2,33.25,23.5,23.50,2.07,1.84,110,4.2,4.7,2713,,,,,,,,,No,,,,Yes,ES_40188_CD 4040 W_121420221622708_9727238,03/01/2023,01/02/2023,"United States, Canada",ES_Equator Appliances_CW 2240 W_121420221552744_6961679,No
2394858,FINLUX,WM3220WSB,,8698902064408,Front Load,,"Hand Wash Cycle,Steam Cycle,Sanitize Option,Perm Press",Residential,2.2,33.25,23.5,23.50,2.07,1.84,110,4.2,4.7,2713,,,,,,,,"Sanitization cycle,Filter cleaning indicator,Drum light,Wrinkle prevention option,Time remaining display,Energy monitor/indicator",No,,,,Yes,ES_1142648_DR4408SCH_030920221337825_4015285,03/01/2022,04/15/2022,Canada,ES_1142648_WM3220WSB_022220221407641_6680302,No
2394859,FINLUX,WM3225DICH,,8698902064491,Front Load,,"Hand Wash Cycle,Steam Cycle,Sanitize Option,Perm Press",Residential,2.2,33.25,23.5,23.50,2.07,1.84,110,4.2,4.7,2713,,,,,,,,"Sanitization cycle,Filter cleaning indicator,Drum light,Wrinkle prevention option,Time remaining display,Energy monitor/indicator",No,,,,Yes,ES_1142648_DR4405WCH_030920221337128_3199057,03/01/2022,04/15/2022,Canada,ES_1142648_WM3225DICH_022220221407657_7939905,No
2394861,FINLUX,WM3225WCH,,8698902064415,Front Load,,"Hand Wash Cycle,Steam Cycle,Sanitize Option,Perm Press",Residential,2.2,33.25,23.5,23.50,2.07,1.84,110,4.2,4.7,2713,,,,,,,,"Sanitization cycle,Filter cleaning indicator,Drum light,Wrinkle prevention option,Time remaining display,Energy monitor/indicator",No,,,,Yes,ES_1142648_DR4405WCH_030920221337128_3199057,03/01/2022,04/15/2022,Canada,ES_1142648_WM3225WCH_02222022140745_8173262,No
3891594,Kenmore,405.4227##,,,Front Load,,None,Residential,4.6,,27.0,,2.76,1.84,110,3.2,4.7,4305,,,,,,,,,No,,,,,,08/14/2024,08/22/2024,"United States, Canada",ES_15649_405.4227##_121620240352240_2384643,No
2649557,Kenmore,4120#,,843086110894,Front Load,,"Hand Wash Cycle,Steam Cycle,Sanitize Option,Drum Clean",Residential,2.2,33.25,23.5,23.50,2.07,1.84,110,4.2,4.7,2713,,,,,,,,,No,,,,Yes,ES_15649_8120#_090620231008615_5279187,10/01/2023,08/29/2023,United States,ES_15649_4120#_081820232023180_3363741,No
2403177,KOOLMORE,FLW-3CWH,,810019862946,Front Load,,None,Residential,2.7,,23.4,,2.76,1.84,75,3.2,4.7,2549,,,,,,,,,No,,,,,,08/09/2022,10/18/2022,United States,ES_1147715_FLW-3CWH_101820221029446_5748538,No
2403176,KOOLMORE,FLW-5CWH,,810019862854,Front Load,,None,Residential,4.6,,27.0,,2.76,1.84,110,3.2,4.7,4305,,,,,,,,,No,,,,,,08/09/2022,10/18/2022,United States,ES_1147715_FLW-5CWH_101820221051330_7129094,No
2406186,LG,SWWE50*3,,195174054413,Front Load,Laundry Center,None,Residential,5,,27.0,,2.92,1.84,99,2.9,4.7,4278,,,,,,,,,No,,,,Yes,ES_1118034_SWWE50*3_12232022024145_80153533,12/22/2022,12/20/2022,"United States, Canada",ES_1118034_SWWE50*3_12202022042200_80153530,No
2683790,LG,SWWE50*4,,195174070970;195174073704,Front Load,Laundry Center,None,Residential,5,,27.0,,2.92,1.84,99,2.9,4.7,4278,,,,,,,,,No,,,,No,,10/16/2023,10/16/2023,"United States, Canada",ES_1118034_SWWE50*4_10162023164039_80186373,No
2406187,LG,SWWG50*3,,195174054420,Front Load,Laundry Center,None,Residential,5,,27.0,,2.92,1.84,99,2.9,4.7,4278,,,,,,,,,No,,,,Yes,ES_1118034_SWWG50*3_12232022024145_80153533,12/22/2022,12/20/2022,"United States, Canada",ES_1118034_SWWG50*3_12202022042200_80153530,No
2683791,LG,SWWG50*4,,195174070987,Front Load,Laundry Center,None,Residential,5,,27.0,,2.92,1.84,99,2.9,4.7,4278,,,,,,,,,No,,,,No,,10/16/2023,10/16/2023,"United States, Canada",ES_1118034_SWWG50*4_10162023164036_80186373,No
2371054,LG,WKE100H*A,,048231029353;048231029360;772454074189;772454074196,Front Load,Laundry Center,None,Residential,4.5,,27.0,,2.92,1.84,105,2.9,4.7,3841,,,,,,,,,No,,,,Yes,ES_1118034_WKE100H*A_12232020105737_80067043,12/21/2020,12/18/2020,"United States, Canada",ES_1118034_WKE100H*A_12182020052311_80067043,No
2361588,LG,WKEX200H*A,,048231028462;048231028486;772454073670;772454073687,Front Load,Laundry Center,None,Residential,4.5,,27.0,,2.92,1.84,105,2.9,4.7,3867,,,,,,,,,No,,,,Yes,ES_1118034_WKEX200H*A_06122020035411_80046329,06/19/2020,06/12/2020,United States,ES_1118034_WKEX200H*A_06122020035054_80046328,No
2406184,LG,WKEX300H*A,,195174048481,Front Load,Laundry Center,None,Residential,5,,27.0,,2.92,1.84,99,2.9,4.7,4278,,,,,,,,,No,,,,Yes,ES_1118034_WKEX300H*A_12232022024145_80153533,12/22/2022,12/20/2022,"United States, Canada",ES_1118034_WKEX300H*A_12202022042200_80153530,No
2371055,LG,WKG101H*A,,048231029377;048231029384,Front Load,Laundry Center,None,Residential,4.5,,27.0,,2.92,1.84,105,2.9,4.7,3841,,,,,,,,,No,,,,Yes,ES_1118034_WKG101H*A_12232020105737_80067043,12/21/2020,12/18/2020,"United States, Canada",ES_1118034_WKG101H*A     _12182020052311_80067043,No
2361589,LG,WKGX201H*A,,048231029254;048231029261,Front Load,Laundry Center,None,Residential,4.5,,27.0,,2.92,1.84,105,2.9,4.7,3867,,,,,,,,,No,,,,Yes,ES_1118034_WKGX201H*A_06122020035411_80046329,06/19/2020,06/12/2020,United States,ES_1118034_WKGX201H*A_06122020035054_80046328,No
2406185,LG,WKGX301H*A,,195174048498,Front Load,Laundry Center,None,Residential,5,,27.0,,2.92,1.84,99,2.9,4.7,4278,,,,,,,,,No,,,,Yes,ES_1118034_WKGX301H*A_12232022024145_80153533,12/22/2022,12/20/2022,"United States, Canada",ES_1118034_WKGX301H*A_12202022042200_80153530,No
3354671,LG,WKHC152H*A,,195174071021,Front Load,Laundry Center,None,Residential,2.4,,24.0,,2.2,1.84,90,3.7,4.7,2609,,,,,,,,,No,,,,Yes,ES_1118034_WKHC152H*A_01022024152658_80195044,12/27/2023,12/27/2023,"United States, Canada",ES_1118034_WKHC152H*A_01022024151305_80195043,Yes
2394265,LG,WKHC202H*A,,195174022887;195174033517,Front Load,Laundry Center,None,Residential,4.5,,27.0,,2.92,1.84,105,2.9,4.7,3867,7.2,,8.00,299,,,9.51,,No,,,,Yes,ES_1118034_WKHC202H*A_03302022123303_80119590,03/25/2022,03/24/2022,"United States, Canada",ES_1118034_WKHC202H*A_03312022111206_80119592,Yes
2740370,LG,WKHC252H*A,,195174072318;195174072370,Front Load,Laundry Center,None,Residential,5,,27.0,,2.92,1.84,99,2.9,4.7,4278,,,,,,,,,No,,,,Yes,ES_1118034_WKHC252H*A_11212023102146_80190193,11/15/2023,11/15/2023,"United States, Canada",ES_1118034_WKHC252H*A_11202023120505_80190189,Yes
2311005,LG,WM1385H*,,48231026123,Front Load,,None,Residential,2.3,,24.0,,2.07,1.84,120,4.2,4.7,2850,,,,,,,,,No,,,,No,,03/19/2016,02/26/2018,"United States, Canada",ES_1118034_WM1385H*_02262018014255_70175340,No
2310496,LG,WM1388H*,,048231016971;772454067891,Front Load,,None,Residential,2.3,,24.0,,2.07,1.84,120,4.2,4.7,2850,,,,,,,,,No,,,,No,,03/19/2016,02/09/2018,"United States, Canada",ES_1118034_WM1388H*_02092018060252_70172585,No
2321541,LG,WM1399H*A,,048231025508;048231026758,Front Load,,None,Residential,2.3,,24.0,,2.07,1.84,120,4.2,4.7,2850,,,,,,,,,No,,,,No,,06/22/2018,06/22/2018,"United States, Canada",ES_1118034_WM1399H*A_06232018124145_6666666_,No
2354285,LG,WM1455H*A,,048231027960;048231027984;772454074943,Front Load,,None,Residential,2.4,,24.0,,2.07,1.84,120,4.2,4.7,2949,,,,,,,,,No,,,,No,,01/29/2020,01/29/2020,"United States, Canada",ES_1118034_WM1455H*A_01312020010131_80031163,No
2310480,LG,WM3085C*,,772454068409,Front Load,,None,Residential,4.5,,27.0,,2.92,1.84,90,3.2,4.7,4220,,,,,,,,,No,,,,No,,12/11/2016,02/08/2018,"United States, Canada",ES_1118034_WM3085C*_02092018060252_70172585,No
2328318,LG,WM3090C*,,772454071218,Front Load,,None,Residential,4.5,,27.0,,2.92,1.84,100,2.9,4.7,3841,,,,,,,,,No,,,,No,,10/31/2018,10/23/2018,"United States, Canada",ES_1118034_WM3090C*_10242018042448_70202975,No
2320406,LG,WM3095C*,,772454070709,Front Load,,None,Residential,4.5,,27.0,,2.92,1.84,100,2.9,4.7,3841,,,,,,,,,No,,,,No,,05/18/2018,05/16/2018,"United States, Canada",ES_1118034_WM3095C*_05242018111228_70184257,No
2310476,LG,WM3180C*,,048231024013;772454069147,Front Load,,None,Residential,4.5,,27.0,,2.92,1.84,90,3.2,4.7,4220,,,,,,,,,No,,,,No,,04/17/2017,02/08/2018,"United States, Canada",ES_1118034_WM3180C*_02092018060252_70172585,No
2310498,LG,WM3270C*,,772454067884;893524450143,Front Load,,None,Residential,4.5,,27.0,,2.92,1.84,90,3.2,4.7,4220,,,,,,,,,No,,,,No,,07/29/2016,02/09/2018,"United States, Canada",ES_1118034_WM3270C*_02092018060252_70172585,No
2310499,LG,WM3275C*,,772454067877,Front Load,,None,Residential,4.5,,27.0,,2.92,1.84,90,3.2,4.7,4220,,,,,,,,,No,,,,No,,07/29/2016,02/09/2018,"United States, Canada",ES_1118034_WM3275C*_02092018060252_70172585,No
2350799,LG,WM3400C*,,048231027922;772454074202,Front Load,,None,Residential,4.5,,27.0,,2.92,1.84,100,2.9,4.7,3841,,,,,,,,,No,,,,No,,12/04/2019,12/03/2019,"United States, Canada",ES_1118034_WM3400C*_12042019020720_80026951,No
2788581,Samsung,WH46DBH1**G*,,887276814513,Front Load,Laundry Center,"Steam Cycle,Gentle Cycle,Delicates",Residential,4.6,74.40,27.0,31.30,3.1,1.84,94,2.9,4.7,3893,,,,,,,,,No,,,,No,,12/30/2023,11/21/2023,"United States, Canada",ES_1023593_WH46DBH1**G*_11302023131923_80190737,No
2788551,Samsung,WH46DBH50*E*,,887276814520,Front Load,Laundry Center,"Steam Cycle,Gentle Cycle,Delicates",Residential,4.6,74.40,27.0,31.30,3.1,1.84,95,2.9,4.7,3893,,,,,,,,,No,,,,No,,12/30/2023,11/21/2023,"United States, Canada",ES_1023593_WH46DBH50*E*_11302023131213_80190736,No
2788550,Samsung,WH46DBH55*E*,,887276814544,Front Load,Laundry Center,"Steam Cycle,Gentle Cycle,Delicates",Residential,4.6,74.40,27.0,31.30,3.1,1.84,95,2.9,4.7,3893,,,,,,,,,No,,,,No,,12/30/2023,11/21/2023,"United States, Canada",ES_1023593_WH46DBH55*E*_11302023131213_80190736,No
2788549,Samsung,WH46DBH5**G*,,887276814537,Front Load,Laundry Center,"Steam Cycle,Gentle Cycle,Delicates",Residential,4.6,74.40,27.0,31.30,3.1,1.84,95,2.9,4.7,3893,,,,,,,,,No,,,,No,,12/30/2023,11/21/2023,"United States, Canada",ES_1023593_WH46DBH5**G*_11302023131213_80190736,No
2788506,Samsung,WH53DBH7**E*,,887276814575,Front Load,Laundry Center,"Steam Cycle,Gentle Cycle,Delicates",Residential,5.3,74.40,27.0,34.40,3.1,1.84,103,2.9,4.7,4491,,,,,,,,,No,,,,No,,12/30/2023,11/21/2023,"United States, Canada",ES_1023593_WH53DBH7**E*_11302023130241_80190735,No
2788507,Samsung,WH53DBH7**G*,,887276814582,Front Load,Laundry Center,"Steam Cycle,Gentle Cycle,Delicates",Residential,5.3,74.40,27.0,34.40,3.1,1.84,103,2.9,4.7,4491,,,,,,,,,No,,,,No,,12/30/2023,11/21/2023,"United States, Canada",ES_1023593_WH53DBH7**G*_11302023130241_80190735,No
2300867,Samsung,WV55M96**A***,,887276196923,Front Load,,"Steam Cycle,Delayed Start,Hand Wash Cycle,Anti-Wrinkle,Supplementary Wash System,Sanitize Option",Residential,4.5,,27.0,,2.92,1.84,105,2.9,4.7,3850,,,,,,,,,No,,,,No,,01/23/2017,05/26/2017,"United States, Canada",ES_1023593_WV55M96**A***_07192017085024_70137562,No
2378347,Samsung,WV60A99**A*,,887276557885,Front Load,,Delicate,Residential,5,,27.0,,2.92,1.84,110,2.9,4.7,4235,,,,,,,,,No,,,,Yes,ES_1023593_DVE60A99***_05142021031426_80078534,05/22/2021,05/11/2021,"United States, Canada",ES_1023593_WV60A99**A*_05232021020358_80078533_,No
2300868,Samsung,WV60M99**A***,,887276196954,Front Load,,"Anti-Wrinkle,Steam Cycle,Delayed Start,Sanitize Option,Hand Wash Cycle,Supplementary Wash System",Residential,5,,27.0,,2.92,1.84,105,2.9,4.7,4278,,,,,,,,,No,,,,No,,01/23/2017,05/26/2017,"United States, Canada",ES_1023593_WV60M99**A***_07192017085024_70137562,No
2310452,Samsung,WW22K680*A*,,887276126876,Front Load,,"Steam, Super Speed, Smart Care",Residential,2.2,,24.0,,2.25,1.84,90,4,4.7,2596,,,,,,,,,No,,,,No,,12/20/2015,11/30/2015,"United States, Canada",ES_1023593_WW22K680*A*_02092018060252_70172127,No
2394988,Samsung,WW25B68**A*,,887276650302,Front Load,,"Steam Cycle,Gentle Cycle",Residential,2.5,33.50,23.6,26.80,2.25,1.84,90,3.7,4.7,2718,,,,,,,,,No,,,,Yes,ES_1023593_DV25B68**H*_05242022082615_80127881,06/02/2022,04/20/2022,"United States, Canada",ES_1023593_WW25B68**A*_04212022093455_80123569,Yes
2394989,Samsung,WW25B69**A*,,887276650319,Front Load,,"Steam Cycle,Gentle Cycle",Residential,2.5,33.50,23.6,26.80,2.25,1.84,90,3.7,4.7,2718,,,,,,,,,No,,,,Yes,ES_1023593_DV25B69**H*_07222022082624_80135522,06/02/2022,04/20/2022,"United States, Canada",ES_1023593_WW25B69**A*_04212022093455_80123569,Yes
4480862,Samsung,WW25FG5B****,,198957228759,Front Load,,"Hand Wash Cycle,Steam Cycle,Anti-Wrinkle,Gentle Cycle",Residential,2.5,33.50,23.6,44.10,2.25,1.84,90,3.7,4.7,2729,,,,,,,,,No,,,,Yes,ES_1023593_DV25FG50*0**_08032025115642_80264334,09/05/2025,07/30/2025,"United States, Canada",ES_1023593_WW25FG5B****_07302025100938_80264335,No
4480861,Samsung,WW25FG6B****,,198957228766,Front Load,,"Hand Wash Cycle,Steam Cycle,Anti-Wrinkle,Gentle Cycle",Residential,2.5,33.50,23.6,44.10,2.25,1.84,90,3.7,4.7,2729,,,,,,,,,No,,,,Yes,ES_1023593_DV25FG62*0**_08032025115642_80264334,09/05/2025,07/30/2025,"United States, Canada",ES_1023593_WW25FG6B****_07302025100938_80264335,No
2668214,Smad,DWF-12A14LBMU(W),,850022832925,Front Load,,None,Residential,2.7,,23.4,,2.76,1.84,75,3.2,4.7,2549,,,,,,,,,No,,,,,,09/15/2023,09/25/2023,United States,ES_1144306_DWF-12A14LBMU(W)_092520230749315_3705320,No
3844963,Smeg,WM24UWH,,812895026443,Front Load,,Steam Cycle,Residential,2.3,33.10,23.6,22.80,2.1,1.84,106,3.8,4.7,2578,,,,,,,,,No,,,,Yes,ES_92281_DW24UWH_031920252118746_8625850,01/01/2025,12/02/2024,"United States, Canada",ES_92281_WM24UWH_120220240142437_9675048,No
2381136,Speed Queen,LWN6ZR**116T***,,,Top Load,,Gentle Cycle,Residential,3.2,43.00,25.6,28.00,2.06,1.29,60,4.3,8.4,4072,,,,,,,,None,No,,,,No,,07/01/2021,06/25/2021,United States,ES_87091_LWN6ZR**116T***_061020211446723_2707125,No
3705406,Speed Queen,LWN6ZR**119T***,",,Base model R21",,Top Load,,Gentle Cycle,Residential,3.2,43.00,25.6,28.00,2.06,1.29,60,4.3,8.4,4072,,,,,,,,,No,,,,No,,10/01/2024,10/18/2024,United States,ES_87091_LWN6ZR**119T***_091820241901134_9652854,No
3942866,Summit,LBW241,,,Front Load,,"Delayed Start,Hand Wash Cycle,Anti-Wrinkle",Residential,1.9,,23.4,,,1.84,100,4,4.7,2254,,,,,,,,,No,,,,No,,04/02/2025,01/14/2025,"United States, Canada",ES_1147102_LBW241_01142025104445_80240418,No
3942868,Summit,LBW243,,,Front Load,,"Delayed Start,Hand Wash Cycle,Anti-Wrinkle",Residential,2.3,,23.4,,,1.84,100,4,4.7,2667,,,,,,,,,No,,,,No,,04/02/2025,01/14/2025,"United States, Canada",ES_1147102_LBW243_01142025104445_80240418,No
2393730,Summit,LW2427,,761101084794,Front Load,,None,Residential,2.7,,23.5,,2.76,1.84,101,3.2,4.7,2549,,,,,,,,,No,,,,,,02/28/2022,03/11/2022,"United States, Canada",ES_92282_LW2427_031120220124907_2274998,No
4009461,Summit,LWES247,,761101152622,Front Load,,"Hand Wash Cycle,Steam Cycle,Sanitize Option,Perm Press, Bulky, Wool, Sports Wear, Drum Clean",Residential,2.2,33.25,23.5,23.50,2.07,1.84,110,4.2,4.7,2713,,,,,,,,,No,,,,Yes,LDES248,04/11/2025,04/10/2025,"United States, Canada",ES_92282_LWES247_040820251247661_5455475,No
2372694,Summit,LWM24,,761101084152,Front Load,,"Delayed Start,Gentle Cycle,Wool",Residential,2.3,,23.4,,,1.84,100,3.5,4.7,2375,,,,,,,,,No,,,,Yes,ES_0092282_LDHP24_01282021074825_80069867,01/20/2021,01/21/2021,"United States, Canada",ES_0092282_LWM24_01272021080735_80069873,No
2372693,Summit,SLW241W,,761101065984,Front Load,,"Delayed Start,Gentle Cycle,Wool",Residential,2.3,,23.4,,,1.84,100,3.5,4.7,2375,,,,,,,,,No,,,,Yes,ES_0092282_SLD242W_01282021074825_80069867,01/20/2021,01/21/2021,"United States, Canada",ES_0092282_SLW241W_01272021080735_80069873,No
3942867,Summit,SLW341,,,Front Load,,"Delayed Start,Hand Wash Cycle,Anti-Wrinkle",Residential,1.9,,23.4,,,1.84,100,4,4.7,2254,,,,,,,,,No,,,,No,,04/02/2025,01/14/2025,"United States, Canada",ES_1147102_SLW341_01142025104445_80240418,No
3942869,Summit,SLW343,,,Front Load,,"Delayed Start,Hand Wash Cycle,Anti-Wrinkle",Residential,2.3,,23.4,,,1.84,100,4,4.7,2667,,,,,,,,,No,,,,No,,04/02/2025,01/14/2025,"United States, Canada",ES_1147102_SLW343_01142025104445_80240418,No
2365132,LG,WM3450C*,,772454073809,Front Load,,None,Residential,4.5,,27.0,,2.92,1.84,100,2.9,4.7,3841,,,,,,,,,No,,,,No,,08/27/2020,08/25/2020,"United States, Canada",ES_1118034_WM3450C*_08272020033724_80054071,No
2339489,LG,WM3460C*,,048231028059;048231028080,Front Load,,None,Residential,4.5,,27.0,,2.92,1.84,100,2.9,4.7,3841,,,,,,,,,No,,,,No,,06/06/2019,06/06/2019,"United States, Canada",ES_1118034_WM3460C*_06072019043709_80006477,No
2405711,LG,WM3470C*,,195174048375;195174048740,Front Load,,None,Residential,5,,27.0,,2.92,1.84,95,2.9,4.7,4295,,,,,,,,,No,,,,No,,12/15/2022,12/15/2022,"United States, Canada",ES_1118034_WM3470C*_12152022105046_80153157,No
2319458,LG,WM3500C*,,048231024990,Front Load,,None,Residential,4.5,,27.0,,2.92,1.84,100,2.9,4.7,3841,,,,,,,,,No,,,,No,,05/09/2018,05/04/2018,"United States, Canada",ES_1118034_WM3500C*_05072018024107_70182073,No
2320405,LG,WM3505C*,,772454070020,Front Load,,None,Residential,4.5,,27.0,,2.92,1.84,100,2.9,4.7,3841,,,,,,,,,No,,,,No,,05/18/2018,05/16/2018,"United States, Canada",ES_1118034_WM3505C*_05242018111228_70184257,No
2358067,LG,WM3600H*A,,048231028257;048231028264,Front Load,,None,Residential,4.5,,27.0,,2.92,1.84,105,2.9,4.7,3841,,,,,,,,,No,,,,No,,04/14/2020,04/14/2020,"United States, Canada",ES_1118034_WM3600H*A_04152020094416_80040225,No
2367421,LG,WM3605H*A,,772454073632,Front Load,,None,Residential,4.5,,27.0,,2.92,1.84,105,2.9,4.7,3841,,,,,,,,,No,,,,No,,10/14/2020,10/13/2020,"United States, Canada",ES_1118034_WM3605H*A_10142020051525_80059014,No
2310497,LG,WM3670H*A,,048231017497;048231017503;048231017510;772454067860,Front Load,,"Steam Cycle,Sanitize Option",Residential,4.5,,27.0,,2.92,1.84,100,3.2,4.7,4220,,,,,,,,,No,,,,No,,09/01/2016,02/09/2018,"United States, Canada",ES_1118034_WM3670H*A_02092018060252_70172585,No
2318268,LG,WM3700H*A,,048231024600;048231024624;048231025065,Front Load,,None,Residential,4.5,,27.0,,2.92,1.84,105,2.9,4.7,3841,,,,,,,,,No,,,,No,,04/21/2018,04/09/2018,"United States, Canada",ES_1118034_WM3700H*A_04102018113028_70179308,No
2337192,LG,WM3800H*A,,772454071287;772454071720,Front Load,,None,Residential,4.5,,27.0,,2.92,1.84,105,2.9,4.7,3850,,,,,,,,,No,,,,No,,04/29/2019,04/24/2019,"United States, Canada",ES_1118034_WM3800H*A_04242019014737_80001963,No
2367422,LG,WM3850H*A,,772454073625;772454073632,Front Load,,None,Residential,4.5,,27.0,,2.92,1.84,105,2.9,4.7,3841,,,,,,,,,No,,,,No,,10/14/2020,10/13/2020,"United States, Canada",ES_1118034_WM3850H*A_10142020051525_80059014,No
2337191,LG,WM3900H*A,,048231024839;048231024891;048231026420,Front Load,,None,Residential,4.5,,27.0,,2.92,1.84,105,2.9,4.7,3850,,,,,,,,,No,,,,No,,04/29/2019,04/24/2019,"United States, Canada",ES_1118034_WM3900H*A_04242019014737_80001963,No
2358068,LG,WM4000H*A,,048231028271;048231028288,Front Load,,None,Residential,4.5,,27.0,,2.92,1.84,105,2.9,4.7,3841,,,,,,,,,No,,,,No,,04/14/2020,04/14/2020,"United States, Canada",ES_1118034_WM4000H*A_04152020094416_80040225,No
2393561,LG,WM4080H*A,,195174037034;195174037041,Front Load,,None,Residential,4.5,,27.0,,2.92,1.84,105,2.9,4.7,3841,,,,,,,,,No,,,,No,,03/03/2022,03/02/2022,"United States, Canada",ES_1118034_WM4080H*A_03042022014023_80118577,No
2367423,LG,WM4100H*A,,772454073250;772454073274,Front Load,,None,Residential,4.5,,27.0,,2.92,1.84,105,2.9,4.7,3841,,,,,,,,,No,,,,No,,10/14/2020,10/13/2020,"United States, Canada",ES_1118034_WM4100H*A_10142020051525_80059014,No
2360586,LG,WM4200H*A,,048231028295;048231028301,Front Load,,None,Residential,5,,27.0,,3.1,1.84,105,2.9,4.7,4278,,,,,,,,,No,,,,No,,05/21/2020,05/21/2020,"United States, Canada",ES_1118034_WM4200H*A_05252020115847_80043606,Yes
2355243,LG,WM4500H*A,,048231026772;048231026802,Front Load,,None,Residential,5,,27.0,,3.1,1.84,105,2.9,4.7,4278,,,,,,,,,No,,,,No,,02/24/2020,02/24/2020,"United States, Canada",ES_1118034_WM4500H*A_02252020053405_80034984,Yes
2310475,LG,WM5000H*A,,048231015288;048231015295;772454064517;772454064524,Front Load,,"Steam Cycle,Sanitize Option",Residential,4.5,,27.0,,2.92,1.84,105,2.8,4.7,3676,,,,,,,,,No,,,,No,,05/24/2017,02/08/2018,"United States, Canada",ES_1118034_WM5000H*A_02092018060252_70172585,No
2310474,LG,WM5005H*A,,048231020657,Front Load,,"Steam Cycle,Sanitize Option",Residential,4.5,,27.0,,2.92,1.84,105,2.8,4.7,3676,,,,,,,,,No,,,,No,,05/24/2017,02/08/2018,"United States, Canada",ES_1118034_WM5005H*A_02092018060252_70172585,No
2404736,LG,WM5500H*A,,195174052976;195174052990,Front Load,,None,Residential,4.5,,27.0,,2.92,1.84,105,3,4.7,4000,,,,,,,,,No,,,,No,,11/18/2022,11/17/2022,"United States, Canada",ES_1118034_WM5500H*A_11182022103053_80149412,No
2472838,LG,WM5700H*A,,195174062784,Front Load,,None,Residential,4.5,,27.0,,2.92,1.84,105,3,4.7,4000,,,,,,,,,No,,,,No,,05/04/2023,05/04/2023,"United States, Canada",ES_1118034_WM5700H*A_05082023143455_80168209,No
4481058,LG,WM5800H*A,,048231349796;195174122358,Front Load,,None,Residential,5,,27.0,,3.1,1.84,99,2.9,4.7,4295,3.0,,,,,,,,No,,,,No,,07/25/2025,07/28/2025,"United States, Canada",ES_1118034_WM5800H*A_08032025113302_80263584,Yes
2404735,LG,WM6500H*A,,195174048689;195174052921,Front Load,,None,Residential,5,,27.0,,2.92,1.84,105,3,4.7,4443,,,,,,,,,No,,,,No,,11/17/2022,11/17/2022,"United States, Canada",ES_1118034_WM6500H*A_11182022103053_80149412,No
2397418,LG,WM6700H*A,,195174037058,Front Load,,None,Residential,5,,27.0,,3.1,1.84,105,3,4.7,4425,,,,,,,,,No,,,,No,,06/07/2022,06/07/2022,"United States, Canada",ES_1118034_WM6700H*A_06132022032603_80129741,Yes
2683756,LG,WM6998H*A,,195174070161,Front Load,Combination All-in-One Washer/Dryer,None,Residential,5,39.00,27.0,33.13,2.92,1.84,99,2.9,4.7,4235,5.0,Heat Pump,6.30,380,,"Dry Only, Normal",,None,No,,,,No,,10/18/2023,10/13/2023,"United States, Canada",ES_1118034_WM6998H*A_10162023153153_80186979,No
2310481,LG,WM8100H*A,,048231017459;048231017466,Front Load,,"Steam Cycle,Sanitize Option",Residential,5.2,,29.0,,2.92,1.84,120,3.2,4.7,4880,,,,,,,,,No,,,,No,,05/02/2016,02/08/2018,"United States, Canada",ES_1118034_WM8100H*A_02092018060252_70172585,No
2390058,LG,WM8900H*A,,195174024829,Front Load,,None,Residential,5.2,,29.0,,3.1,1.84,105,2.9,4.7,4423,,,,,,,,,No,,,,No,,12/22/2021,12/20/2021,"United States, Canada",ES_1118034_WM8900H*A_01042022030848_80111020,Yes
2390059,LG,WM8980H*A,,195174024867,Front Load,,None,Residential,5.2,,29.0,,3.1,1.84,105,2.9,4.7,4423,,,,,,,,,No,,,,No,,12/22/2021,12/20/2021,"United States, Canada",ES_1118034_WM8980H*A_01042022030848_80111020,Yes
2310504,LG,WM9000H*A,,048231015349;048231015356;772454058837,Front Load,,"Steam Cycle,Sanitize Option",Residential,5.2,,29.0,,2.92,1.84,120,3.2,4.7,4880,,,,,,,,,No,,,,No,,06/29/2015,02/09/2018,"United States, Canada",ES_1118034_WM9000H*A_02092018060252_70172585,No
2310479,LG,WM9500H*A,,048231015400;048231017039,Front Load,,"Steam Cycle,Sanitize Option",Residential,5.8,,30.0,,3.1,1.84,120,2.7,4.7,4588,,,,,,,,,No,,,,No,,06/26/2016,02/08/2018,"United States, Canada",ES_1118034_WM9500H*A_02092018060252_70172585,Yes
2364018,LG,WSEX200H*A,,195174000595,Front Load,Laundry Center,None,Residential,5,,27.0,,3.1,1.84,105,2.9,4.7,4278,,,,,,,,,No,,,,Yes,ES_1118034_WSEX200H*A_08042020044803_5550000_,08/03/2020,07/30/2020,"United States, Canada",ES_1118034_WSEX200H*A_08042020032635_80051503,No
2364019,LG,WSGX201H*A,,195174000601,Front Load,Laundry Center,None,Residential,5,,27.0,,3.1,1.84,105,2.9,4.7,4278,,,,,,,,,No,,,,Yes,ES_1118034_WSGX201H*A    _08042020044803_5550000_,08/03/2020,07/30/2020,"United States, Canada",ES_1118034_WSGX201H*A    _08042020032635_80051503,No
2310494,LG,WT1150C*,,048231017015;772454069109,Top Load,,None,Residential,4.5,,27.0,,2.38,1.29,140,3.7,8.4,4901,,,,,,,,,No,,,,No,,09/30/2016,02/09/2018,"United States, Canada",ES_1118034_WT1150C*_02092018060252_70172585,No
2310503,LG,WT1501C*,,048231015905;772454065606,Top Load,,None,Residential,4.5,,27.0,,2.38,1.29,140,3.7,8.4,4901,,,,,,,,,No,,,,No,,06/29/2015,02/09/2018,"United States, Canada",ES_1118034_WT1501C*_02092018060252_70172585,No
2310493,LG,WT1901C*,,048231020596;048231020626;772454068737,Top Load,,None,Residential,5,,27.0,,2.38,1.29,130,3.7,8.4,5479,,,,,,,,,No,,,,No,,12/22/2016,02/09/2018,"United States, Canada",ES_1118034_WT1901C*_02092018060252_70172585,No
2310495,LG,WT5275C*,,,Top Load,,None,Residential,4.5,,27.0,,2.38,1.29,140,3.7,8.4,4901,,,,,,,,,No,,,,No,,06/30/2016,02/09/2018,"United States, Canada",ES_1118034_WT5275C*_02092018060252_70172585,No
2310501,LG,WT5680H*A,,048231013505;048231014144;772454061554;772454061585,Top Load,,"Steam Cycle,Sanitize Option",Residential,5,,27.0,,2.38,1.29,135,3.7,8.4,5479,,,,,,,,,No,,,,No,,02/15/2015,02/09/2018,"United States, Canada",ES_1118034_WT5680H*A_02092018060252_70172585,No
2386142,LG,WT7010C*,,195174024812,Top Load,,None,Residential,4.5,,27.0,,2.06,1.29,220,4.3,8.4,5708,,,,,,,,,No,,,,No,,10/15/2021,10/15/2021,"United States, Canada",ES_1118034_WT7010C*_10182021122308_80102858,No
2310477,LG,WT7050C*,,048231024044;048231024259,Top Load,,None,Residential,4.5,,27.0,,2.06,1.29,180,4.3,8.4,5696,,,,,,,,,No,,,,No,,04/16/2017,02/08/2018,"United States, Canada",ES_1118034_WT7050C*_02092018060252_70172585,No
2341401,LG,WT7060C*,,048231028110;048231028141,Top Load,,None,Residential,4.5,,27.0,,2.06,1.29,220,4.3,8.4,5721,,,,,,,,,No,,,,No,,07/22/2019,07/18/2019,"United States, Canada",ES_1118034_WT7060C*_07182019030854_80011559,No
2308537,LG,WT7100C*,,048231023986,Top Load,,Delayed Start,Residential,4.5,,27.0,,2.06,1.29,220,4.3,8.4,5721,,,,,,,,,No,,,,No,,11/30/2017,12/18/2017,"United States, Canada",ES_1118034_WT7100C*_12192017024232_70163137,No
2359624,LG,WT7150C*,,048231028431,Top Load,,None,Residential,5,,27.0,,2.06,1.29,220,4.3,8.4,6343,,,,,,,,,No,,,,No,,01/14/2021,01/14/2021,"United States, Canada",ES_1118034_WT7150C*_05082020052748_80042678,No
2393063,LG,WT7155C*,,195174026700,Top Load,,None,Residential,4.8,,27.0,,2.06,1.29,200,4.3,8.4,6038,,,,,,,,,No,,,,No,,02/16/2022,02/15/2022,"United States, Canada",ES_1118034_WT7155C*_02162022044730_80116696,No
2310492,LG,WT7200C*,,048231020275;048231024549;772454068416,Top Load,,None,Residential,5,,27.0,,2.38,1.29,130,3.7,8.4,5479,,,,,,,,,No,,,,No,,12/05/2016,02/09/2018,"United States, Canada",ES_1118034_WT7200C*_02092018060252_70172585,No
2320407,LG,WT7250C*,,048231026499,Top Load,,None,Residential,5,,27.0,,2.76,1.29,110,3.2,8.4,4720,,,,,,,,,No,,,,No,,05/18/2018,05/16/2018,"United States, Canada",ES_1118034_WT7250C*_05242018111228_70184257,No
2320408,LG,WT7300C*,,048231026000;048231026017,Top Load,,None,Residential,5,,27.0,,2.76,1.29,110,3.2,8.4,4720,,,,,,,,,No,,,,No,,05/18/2018,05/16/2018,"United States, Canada",ES_1118034_WT7300C*_05242018111228_70184257,No
2362376,LG,WT7305C*,,048231029292;048231029308,Top Load,,None,Residential,4.8,,27.0,,2.06,1.29,220,4.3,8.4,6051,,,,,,,,,No,,,,No,,07/03/2020,07/03/2020,"United States, Canada",ES_1118034_WT7305C*_07032020035929_5550000_,No
2390418,LG,WT7400C*,,195174026625;195174026663,Top Load,,None,Residential,5.5,,27.0,,2.76,1.29,130,3.2,8.4,5183,,,,,,,,,No,,,,No,,01/13/2022,01/11/2022,"United States, Canada",ES_1118034_WT7400C*_01122022104654_80113074,No
2392634,LG,WT7405C*,,195174026632;195174026670,Top Load,,None,Residential,5.3,,27.0,,2.06,1.29,220,4.3,8.4,6672,,,,,,,,,No,,,,No,,02/01/2022,02/01/2022,"United States, Canada",ES_1118034_WT7405C*_02022022010523_80114768,No
2396858,LG,WT7480C*,,195174037898,Top Load,,None,Residential,5.5,,27.0,,2.76,1.29,130,3.2,8.4,5183,,,,,,,,,No,,,,No,,05/20/2022,05/13/2022,"United States, Canada",ES_1118034_WT7480C*_05252022112444_5550001,No
2396859,LG,WT7485C*,,195174037904,Top Load,,None,Residential,5.3,,27.0,,2.06,1.29,220,4.3,8.4,6672,,,,,,,,,No,,,,No,,05/20/2022,05/13/2022,"United States, Canada",ES_1118034_WT7485C*_05252022112444_5550001,No
2310491,LG,WT7500C*,,048231016636;048231020671,Top Load,,"Steam Cycle,Sanitize Option",Residential,5.2,,27.0,,2.38,1.29,130,3.7,8.4,5621,,,,,,,,,No,,,,No,,02/15/2016,02/09/2018,"United States, Canada",ES_1118034_WT7500C*_02092018060252_70172585,No
2310490,LG,WT7600H*A,,048231016612;048231016629;048231017060;048231025881;772454067082;772454067099;772454067778,Top Load,,"Steam Cycle,Sanitize Option",Residential,5.2,,27.0,,2.38,1.29,130,3.7,8.4,5643,,,,,,,,,No,,,,No,,02/15/2016,02/09/2018,"United States, Canada",ES_1118034_WT7600H*A_02092018060252_70172585,No
2310502,LG,WT7700H*A,,048231014908;048231014915;048231018814;772454063688,Top Load,,"Steam Cycle,Sanitize Option",Residential,5.7,,29.0,,2.76,1.29,150,3.2,8.4,5381,,,,,,,,,No,,,,No,,04/21/2015,02/09/2018,"United States, Canada",ES_1118034_WT7700H*A_02092018060252_70172585,No
2335213,LG,WT7710H*A,,048231015202;048231015219,Top Load,,"Steam Cycle,Sanitize Option",Residential,5.7,,29.0,,2.76,1.29,150,3.2,8.4,5381,,,,,,,,,No,,,,No,,03/26/2019,03/26/2019,"United States, Canada",ES_1118034_WT7710H*A_03262019040713_70220657,No
2334257,LG,WT7800C*,,048231025553;048231026840,Top Load,,None,Residential,5.5,,27.0,,2.76,1.29,130,3.2,8.4,5145,,,,,,,,,No,,,,No,,03/06/2019,03/06/2019,"United States, Canada",ES_1118034_WT7800C*_03062019031942_70216927,No
2384329,LG,WT7800H*A,,772454074592,Top Load,,None,Residential,5,,27.0,,2.38,1.29,150,3.7,8.4,5458,,,,,,,,,No,,,,No,,09/15/2021,09/10/2021,"United States, Canada",ES_1118034_WT7800H*A_09162021110927_80099130,No
2344732,LG,WT7850H*A,,772454072741;772454072758,Top Load,,None,Residential,5.2,,27.0,,2.38,1.29,130,3.7,8.4,5665,,,,,,,,,No,,,,No,,08/14/2019,08/14/2019,"United States, Canada",ES_1118034_WT7850H*A_08162019030245_80014170,No
2354284,LG,WT7880H*A,,048231028516,Top Load,,None,Residential,5.5,,27.0,,2.76,1.29,150,3.2,8.4,5145,,,,,,,,,No,,,,No,,01/29/2020,01/29/2020,"United States, Canada",ES_1118034_WT7880H*A_01312020010131_80031163,No
2321577,LG,WT7900H*A,,048231015462;048231015479;048231025522;195174026618,Top Load,,None,Residential,5.5,,27.0,,2.76,1.29,150,3.2,8.4,5145,,,,,,,,,No,,,,No,,07/03/2018,06/25/2018,"United States, Canada",ES_1118034_WT7900H*A_06262018105726_70189258,No
3543490,LG,WT8200C*,,195174089040;195174089057,Top Load,,None,Residential,5,,27.0,,2.06,1.29,120,4.3,8.4,6330,,,,,,,,,No,,,,No,,06/04/2024,06/12/2024,"United States, Canada",ES_1118034_WT8200C*_06132024124531_80215213,No
3543491,LG,WT8205C*,,195174089552;195174089569,Top Load,,None,Residential,4.8,,27.0,,2.06,1.29,120,4.3,8.4,6076,,,,,,,,,No,,,,No,,06/11/2024,06/12/2024,"United States, Canada",ES_1118034_WT8205C*_06132024130617_80215545,No
2839401,LG,WT8400C*,,195174075364;195174075388,Top Load,,None,Residential,5.5,,27.0,,2.76,1.29,120,3.2,8.4,5164,,,,,,,,,No,,,,No,,12/08/2023,12/07/2023,"United States, Canada",ES_1118034_WT8400C*_12112023103801_80193090,No
3187270,LG,WT8405C*,,195174075371;195174075395,Top Load,,None,Residential,5.3,,27.0,,2.06,1.29,210,4.3,8.4,6672,,,,,,,,,No,,,,No,,12/28/2023,12/21/2023,"United States, Canada",ES_1118034_WT8405C*4_12222023104340_80195532,No
2839400,LG,WT8480C*,,,Top Load,,None,Residential,5.5,,27.0,,2.76,1.29,120,3.2,8.4,5164,,,,,,,,,No,,,,No,,12/08/2023,12/07/2023,"United States, Canada",ES_1118034_WT8480C*_12112023103801_80193090,No
2839399,LG,WT8600C*,,195174062494,Top Load,,None,Residential,5.5,,27.0,,2.76,1.29,120,3.2,8.4,5164,,,,,,,,,No,,,,No,,12/08/2023,12/07/2023,"United States, Canada",ES_1118034_WT8600C*_12112023103801_80193090,No
3626982,LG SIGNATURE,WM9900H*A,,195174069820,Front Load,,None,Residential,5.8,,29.0,,3.2,1.84,108,2.6,4.7,4418,,,,,,,,,No,,,,No,,08/28/2024,08/28/2024,"United States, Canada",ES_1118034_WM9900H*A_09032024122637_80219150,Yes
3942844,LG SIGNATURE,WM9901H*A,,195174116333,Front Load,,None,Residential,5.8,,29.0,,3.2,1.84,108,2.6,4.7,4418,,,,,,,,,No,,,,No,,12/31/2024,12/24/2024,"United States, Canada",ES_1118034_WM9901H*A_01162025115211_80239937,Yes
2406498,Magic Chef,MCSFLW24W1,,665679020010,Front Load,,Other,Residential,2.2,33.25,23.5,23.50,2.07,1.84,110,4.2,4.7,2713,,,,,,,,,No,,,,Yes,ES_390697_MCSDRY24W1_122120221652101_3654342,01/23/2023,01/05/2023,"United States, Canada",ES_390697_MCSFLW24W1_122120221622646_9405323,No
2335029,Magic Chef,MCSFLW27W,,665679018819,Front Load,,Delayed Start,Residential,2.7,,23.4,,2.76,1.84,75,3.2,4.7,2549,,,,,,,,None,No,,,,,,06/28/2021,06/30/2021,United States,ES_1107227_MCSFLW27W_03142019050934_0174124,No
3531246,Marathon,MWM2214W,,809584001726,Front Load,,"Delayed Start,Hand Wash Cycle,Steam Cycle,Sanitize Option,Gentle Cycle",Residential,2.2,33.25,23.5,23.50,2.07,1.84,110,4.2,4.7,2713,,,,,,,,,No,,,,Yes,ES_1137295_MVD420W_052320241901112_9106170,07/01/2024,06/03/2024,"United States, Canada",ES_1137295_MWM2214W_052420241841589_5743943,No
3417535,Maytag,MFW7020R**,,883049682792,Front Load,,Anti-Wrinkle,Residential,5,39.00,27.0,32.00,2.76,1.84,140,3.2,4.7,4720,,,,,,,,,No,,,,Yes,ES_1105798_MED7020R**_02202024203992_7611870,06/01/2024,02/23/2024,"United States, Canada",ES_22856_MFW7020R**_021420241947543_4573590,No
2310325,Maytag,MHW3500F**,,883049385105,Front Load,,"Delayed Start,Deep Clean/Stain Treat",Residential,4.5,,27.0,,2.92,1.84,87,3.2,4.7,4210,,,,,,,,,No,,,,Yes,ES_22856_MED3500FW*_04282016181802_7482117,06/01/2016,02/05/2018,"United States, Canada",ES_22856_MHW3500F**_04262016182410_5050572,No
2331769,Maytag,MHW5630H**,,883049456959,Front Load,,"Delayed Start,Anti-Wrinkle,Clean Washer with Affresh",Residential,4.5,,27.0,,2.76,1.84,128,3.2,4.7,4267,,,,,,,,None,No,,,,Yes,"ES_1129244_MED5630H**_10142018214925_3765911, ES_1129244_MGD5630H**_10142018213837_3117201",12/03/2018,08/24/2018,"United States, Canada",ES_15649_MHW5630H**_10142018184935_2975704,No
2398196,Maytag,MHW5630M**,,883049625850,Front Load,,Anti-Wrinkle,Residential,4.5,,27.0,,2.92,1.84,86,3.2,4.7,4267,,,,,,,,None,No,,,,Yes,"ES_22856_MED5630M**_082920221404797_2384995,  ES_22856_MGD5630M**_082620221533556_7834086",07/15/2022,07/05/2022,United States,ES_22856_MHW5630M**_062320221618117_6794710,No
2331771,Maytag,MHW6630H**,,883049456966,Front Load,,"Delayed Start,Anti-Wrinkle,Sanitize Option,Clean Washer with Affresh",Residential,4.8,,27.0,,2.76,1.84,143,3.2,4.7,4541,,,,,,,,None,No,,,,Yes,"ES_1129244_MED6630H**_10142018214819_3699188, ES_1129244_MGD6630H**_10142018213725_3045415",12/03/2018,08/24/2018,"United States, Canada",ES_15649_MHW6630H**_10142018185017_3017925,No
2398197,Maytag,MHW6630M**,,883049625867,Front Load,,Anti-Wrinkle,Residential,4.8,,27.0,,2.92,1.84,99,3.2,4.7,4541,,,,,,,,None,No,,,,Yes,"ES_22856_MED6630M**_082920221405281_7229925, ES_22856_MGD6630M**_08262022153481_2249995",07/15/2022,07/05/2022,United States,ES_22856_MHW6630M**_062320221618590_4508742,No
2310392,Maytag,MHW8150E**,,883049391021,Front Load,,"Delayed Start,Delayed Start, Steam for stains, Fan Fresh",Residential,4.5,,27.0,,2.76,1.84,79,3.2,4.7,4239,,,,,,,,,No,,,,Yes,"ES_22856_MED8150EC*_04282016181030_7030145,ES_22856_MED8150EW*_04282016181045_7045337",06/01/2016,02/05/2018,"United States, Canada",ES_22856_MHW8150E**_04262016181423_4463458,No
2331772,Maytag,MHW8630H**,,883049456973,Front Load,,"Delayed Start,Steam Cycle,Anti-Wrinkle,Sanitize Option,Clean Washer with Affresh, Overnight Wash and Dry.",Residential,5,,27.0,,2.76,1.84,159,3.2,4.7,4720,,,,,,,,None,Yes,Wi-Fi,Cloud Rest API,No,Yes,"ES_1129244_MED8630H**_10142018215052_3852507, ES_1129244_MGD8630H**_10142018213503_2903417",12/03/2018,08/24/2018,"United States, Canada",ES_15649_MHW8630H**_10142018185059_3059240,No
2345404,Maytag,MVW7230H**,,883049462257,Top Load,,"Wrinkle Control, Delicate Cycle, Sanitize w/Oxi, Delayed Start",Residential,5.2,,27.0,,2.06,1.29,260,4.3,8.4,6622,,,,,,,,,Yes,Wi-Fi,Smart Energy Profile (SEP) 2.x,No,Yes,"ES_22856_MED7230H**_08242019192040_4440596, ES_22856_MGD7230H**_08242019192953_4993100",01/01/2020,08/23/2019,"United States, Canada",ES_22856_MVW7230H**_08242019191053_3853439,No
2345405,Maytag,MVW7232H**,,883049514888,Top Load,,"Wrinkle Control, Delicates, Delayed Start, Sanitize w/oxi",Residential,5.3,,27.0,,2.06,1.29,270,4.3,8.4,6736,,,,,,,,,Yes,Wi-Fi,Smart Energy Profile (SEP) 2.x,No,Yes,"ES_22856_MED7230H**_08242019192040_4440596, ES_22856_MGD7230H**_08242019192953_4993100",01/01/2020,08/23/2019,"United States, Canada",ES_22856_MVW7232H**_08242019194503_5903870,No
2345398,Maytag,MVW8230H**,,883049462264,Top Load,,"Wrinkle Control, Delicate Cycle, Sanitize w/Oxi, Delayed Start",Residential,5.2,,27.0,,2.06,1.29,260,4.3,8.4,6622,,,,,,,,,Yes,Wi-Fi,Smart Energy Profile (SEP) 2.x,No,Yes," ES_22856_MGD8230H**_08202019184724_6844383,ES_22856_MED8230H**_08202019175316_3596061",01/01/2020,08/23/2019,"United States, Canada",ES_22856_MVW8230H**_08242019183901_1941075,No
2309397,Maytag,MVWB965H**,,883049483146,Top Load,,"Steam Cycle,Sanitize Option",Residential,6,,29.0,,2.06,1.29,311,4.3,8.4,7636,,,,,,,,,No,,,,,,04/01/2018,12/18/2017,"United States, Canada",ES_15649_MVWB965H**_01222018172256_1776074,No
2376689,Midea,MFH180-G1304DS/F01E-US,,,Front Load,,None,Residential,4.5,,27.0,,2.76,1.84,112,3.2,4.7,4248,,,,,,,,,No,,,,,,04/25/2021,05/03/2021,"United States, Canada",ES_1030337_MFH180-G1304DS/F01E-US_050220212231935_4603829,No
2397951,Midea,MLH25N7BWW,,,Front Load,,None,Residential,2.5,,23.4,,2.76,1.84,65,3.2,4.7,2360,,,,,,,,,No,,,,,,06/23/2022,06/27/2022,"United States, Canada",ES_1030337_MLH25N7BWW_06272022071479_9378205,No
2403283,Midea,MLH27N4AWWC,,687636006462,Front Load,,None,Residential,2.5,,23.4,,2.76,1.84,65,3.2,4.7,2388,,,,,,,,,No,,,,,,09/19/2022,10/19/2022,"United States, Canada",ES_1030337_MLH27N4AWWC_101920220318908_3031477,No
2365391,Midea,MLH27N5AWWC,,34038191095,Front Load,,Delayed Start,Residential,2.7,,23.0,,2.76,1.84,75,3.2,4.7,2549,,,,,,,,,No,,,,,,08/25/2020,09/02/2020,"United States, Canada",ES_1030337_MLH27N5AWWC_09022020073209_1929327,No
2376688,Midea,MLH45N1AWW,,,Front Load,,None,Residential,4.5,,27.0,,2.76,1.84,112,3.2,4.7,4248,,,,,,,,,No,,,,,,04/25/2021,05/03/2021,"United States, Canada",ES_1030337_MLH45N1AWW_050220212231433_7839598,No
2389042,Midea,MLH52N3AWW,,,Front Load,,None,Residential,4.5,,27.0,,2.76,1.84,112,3.2,4.7,4248,,,,,,,,,No,,,,,,12/07/2021,12/07/2021,Canada,ES_1030337_MLH52N3AWW_120920210309322_3683229,No
2382973,Midea,MLH52N4AWW,,,Front Load,,Delayed Start,Residential,4.5,,27.0,,2.76,1.84,180,3.2,4.7,4248,,,,,,,,None,No,,,,,,07/27/2021,08/10/2021,"United States, Canada",ES_1030337_MLH52N4AWW_08092021194661_3884787,No
2403284,Midea,MLH52N5AWW,,687636006561,Front Load,,Delayed Start,Residential,4.5,,27.0,,2.76,1.84,112,3.2,4.7,4257,,,,,,,,,No,,,,,,09/19/2022,10/19/2022,"United States, Canada",ES_1030337_MLH52N5AWW_101920220339304_8067045,No
3815202,Midea,MLH52N7AWW,,,Front Load,,None,Residential,4.5,,27.0,,2.76,1.84,95,3.2,4.7,4267,,,,,,,,,No,,,,,,11/23/2024,11/28/2024,Canada,ES_1030337_MLH52N7AWW_11282024015320_7297730,No
2341456,Midea,MLH52S7AGS,,810004812505,Front Load,,"Steam Cycle,Sanitize Option",Residential,5.2,,27.0,,2.92,1.84,110,3.2,4.7,4909,,,,,,,,,No,,,,No,,08/30/2019,07/22/2019,"United States, Canada",ES_1030337_MLH52S7AGS_07222019091936_7176569,No
2341457,Midea,MLH52S7AWW,,810004812475,Front Load,,"Steam Cycle,Sanitize Option",Residential,5.2,,27.0,,2.92,1.84,110,3.2,4.7,4909,,,,,,,,,No,,,,No,,08/30/2019,07/22/2019,"United States, Canada",ES_1030337_MLH52S7AWW_07222019091918_7158790,No
3624259,Midea,MLHW52S6BGG,,,Front Load,,None,Residential,4.5,,27.0,,2.76,1.84,112,3.2,4.7,4267,,,,,,,,,No,,,,,,08/12/2024,08/20/2024,Canada,ES_1030337_MLHW52S6BGG_08222024055747_4336325,No
4470509,Midea,MLHW52S7AGG,,,Front Load,,None,Residential,4.5,,27.0,,2.76,1.84,112,3.2,4.7,4267,,,,,,,,,No,,,,,,06/17/2025,07/07/2025,Canada,ES_1030337_MLHW52S7AGG_070720250157843_4453370,No
4470510,Midea,MLHW52S7AWW,,,Front Load,,None,Residential,4.5,,27.0,,2.76,1.84,112,3.2,4.7,4267,,,,,,,,,No,,,,,,06/25/2025,07/07/2025,Canada,ES_1030337_MLHW52S7AWW_070720250157998_7670082,No
2375446,Miele,WWD160,,4002516376903,Front Load,,"Steam Cycle,Delayed Start,Hand Wash Cycle,Anti-Wrinkle,Sanitize Option,Gentle Cycle,Add load",Residential,2.3,,23.4,,2.24,1.84,116,3.7,4.7,2467,,,,,,,,,No,,,,Yes,ES_0031629_TWD160WP_03022021122513_80072802,04/26/2021,03/15/2021,United States,ES_1105859_WWD160 WCS_03252021114453_80074358,No
2375447,Miele,WWD660,,4002516376705,Front Load,,"Steam Cycle,Delayed Start,Hand Wash Cycle,Anti-Wrinkle,Sanitize Option,Gentle Cycle,Add load
Detergent dosing system",Residential,2.3,,23.4,,2.24,1.84,116,3.7,4.7,2467,,,,,,,,,No,,,,Yes,ES_0031629_TWD360WP_03022021122513_80072802,04/26/2021,03/15/2021,United States,ES_1105859_WWD660 WCS_03252021114453_80074358,No
2375448,Miele,WXD160,,4002516377009,Front Load,,"Steam Cycle,Delayed Start,Hand Wash Cycle,Anti-Wrinkle,Sanitize Option,Gentle Cycle,Add load",Residential,2.3,,23.4,,2.24,1.84,116,3.7,4.7,2467,,,,,,,,,No,,,,Yes,ES_0031629_TXD160WP_03022021122513_80072802,04/26/2021,03/15/2021,"United States, Canada",ES_1105859_WXD160 WCS_03252021114453_80074358,No
2375450,Miele,WXF660,,4002516377115,Front Load,,"Delayed Start,Hand Wash Cycle,Steam Cycle,Anti-Wrinkle,Sanitize Option,Gentle Cycle,Add load
Detergent dosing system
Care-clean machine
Care-cleanTwinDos",Residential,2.3,,23.4,,2.13,1.84,116,3.7,4.7,2467,,,,,,,,,No,,,,Yes,ES_0031629_TXI680WP_03022021122513_80072802,04/26/2021,03/15/2021,"United States, Canada",ES_1105859_WXF660 WCS_03252021114453_80074358,No
2375451,Miele,WXI860,,4002516377023,Front Load,,"Steam Cycle,Delayed Start,Hand Wash Cycle,Anti-Wrinkle,Sanitize Option,Gentle Cycle,Add load
Detergent dosing system
Care-clean machine
Care-cleanTwinDos",Residential,2.3,,23.4,,2.13,1.84,116,3.7,4.7,2467,,,,,,,,,No,,,,Yes,ES_0031629_TWI680WP_03022021122513_80072802,04/26/2021,03/15/2021,"United States, Canada",ES_1105859_WXI860 WCS_03252021114453_80074358,No
2376233,Miele,WXR860,,4002516376804,Front Load,,"Delayed Start,Hand Wash Cycle,Steam Cycle,Anti-Wrinkle,Sanitize Option,Gentle Cycle,Add load
Detergent dosing system
Care-clean machine
Care-cleanTwinDos",Residential,2.3,,23.4,,2.13,1.84,116,3.7,4.7,2467,,,,,,,,,No,,,,No,,04/26/2021,04/14/2021,"United States, Canada",ES_1105859_WXR860 WCS_04202021101145_80080097,No
2393093,Samsung,WA49B5205A*,,887276751122,Top Load,,"Steam Cycle,Delicates",Residential,4.9,44.60,27.5,29.40,2.06,1.29,120,4.3,8.4,6165,,,,,,,,,No,,,,Yes,"ES_1023593_DVE45B6305*_02172022061128_80114931,ES_1023593_DVG45B6305*_02172022061128_80114931",03/15/2022,02/17/2022,"United States, Canada",ES_1023593_WA49B5205A*_02172022060029_80116012,No
2373639,Samsung,WA50A54**A*,,887276532035,Top Load,,Delicate,Residential,5,,27.0,,2.06,1.29,120,4.3,8.4,6292,,,,,,,,,No,,,,Yes,ES_1023593_DVE50A5405*_03122021052430_80074820,03/08/2021,02/03/2021,"United States, Canada",ES_1023593_WA50A54**A*_02082021053834_80071059,No
2310461,Samsung,WA50M74**A*,,887276196411,Top Load,,"Smart Care, Mist Shower",Residential,5,,27.0,,2.06,1.29,125,4.3,8.4,6343,,,,,,,,,No,,,,Yes,ES_1023593_DVE50T74***_11132019035850_80023422,02/12/2017,12/27/2016,"United States, Canada",ES_1023593_WA50M74**A*_02092018060252_70172127,No
2333512,Samsung,WA50R52**A*,,887276300528,Top Load,,"Pre Soak, Fabric Softner, Deep Fill, Super Speed, Active Waterjet, Delay End, Auto Temperature Control",Residential,5,,27.0,,2.06,1.29,120,4.3,8.4,6292,,,,,,,,,No,,,,No,,02/01/2019,01/16/2019,"United States, Canada",ES_1023593_WA50R52**A*_02042019013708_70211759,No
2333511,Samsung,WA50R54**A*,,887276300542,Top Load,,"Pre Soak, Fabric Softner, Deep Fill, Super Speed, Active Waterjet, Delay End, Auto Temperature Control",Residential,5,,27.0,,2.06,1.29,120,4.3,8.4,6292,,,,,,,,,No,,,,No,,02/01/2019,01/16/2019,"United States, Canada",ES_1023593_WA50R54**A*_02042019013708_70211759,No
2352575,Samsung,WA50T53**A*,,887276399317,Top Load,,"Steam Cycle,Pre Soak, Super Speed, Delay End, Auto Temperature Control",Residential,5,,27.0,,2.06,1.29,120,4.3,8.4,6292,,,,,,,,,No,,,,No,,01/17/2020,12/19/2019,"United States, Canada",ES_1023593_WA50T53**A*_01062020010646_80025718,No
2350126,Samsung,WA50T74**A*,,887276385228,Top Load,,"Steam Cycle, Pre Soak, Super Speed, Delay End, Auto Temperature Control",Residential,5,,27.0,,2.06,1.29,125,4.3,8.4,6292,,,,,,,,,No,,,,Yes,ES_1023593_DVE50T74***_11132019035850_80023422,01/03/2020,11/14/2019,"United States, Canada",ES_1023593_WA50T74**A*_11202019054034_80023423,No
2389052,Samsung,WA51A5505A*,,887276751153,Top Load,,Agitator,Residential,5.1,44.60,27.5,29.40,2.06,1.29,120,4.3,8.4,6419,,,,,,,,,No,,,,No,,06/11/2021,05/21/2021,"United States, Canada",ES_1023593_WA51A5505A*_05262021084256_80084651,No
2732690,Samsung,WA51DG5505A*,,887276818252,Top Load,,Delicates,Residential,5.1,44.60,27.5,29.40,2.06,1.29,120,4.3,8.4,6419,,,,,,,,,No,,,,Yes,ES_1023593_DVE52DG5505*3_07292024112405_80220005,12/10/2023,11/13/2023,"United States, Canada",ES_1023593_WA51DG5505A*_11142023113410_80190091,No
2378430,Samsung,WA52A55**A*,,887276751184,Top Load,,Delayed Start,Residential,5.2,44.60,27.5,29.40,2.06,1.29,120,4.3,8.4,6545,,,,,,,,,No,,,,No,,06/11/2021,05/21/2021,"United States, Canada",ES_1023593_WA52A55**A*_05262021084256_80084651,No
2388146,Samsung,WA52B76**A*,,887276618678,Top Load,,"Steam Cycle,Delicates",Residential,5.2,58.30,27.5,29.40,2.06,1.29,165,4.3,8.4,6545,,,,,,,,,No,,,,No,,12/25/2021,11/16/2021,"United States, Canada",ES_1023593_WA52B76**A*_11162021110147_80105927,No
2732691,Samsung,WA52DG55**A*,,887276818283,Top Load,,Delicates,Residential,5.2,44.60,27.5,29.40,2.06,1.29,120,4.3,8.4,6545,,,,,,,,,No,,,,Yes,ES_1023593_DVE52DG5505*3_07292024112405_80220005,12/10/2023,11/13/2023,"United States, Canada",ES_1023593_WA52DG55**A*_11142023113410_80190091,No
2310462,Samsung,WA52M77**A*,,887276196428,Top Load,,"activewash, Steam, Smart Care, Mist Shower",Residential,5.2,,27.0,,2.06,1.29,165,4.3,8.4,6596,,,,,,,,,No,,,,No,,02/01/2017,01/13/2017,"United States, Canada",ES_1023593_WA52M77**A*_02092018060252_70172127,No
2350127,Samsung,WA52T76**A*,,887276385235,Top Load,,"Pre Soak, Super Speed, Delay End, Auto Temperature Control",Residential,5.2,,27.0,,2.06,1.29,165,4.3,8.4,6545,,,,,,,,,No,,,,Yes,ES_1023593_DVE52T76***_11132019035850_80023422,01/03/2020,11/14/2019,"United States, Canada",ES_1023593_WA52T76**A*_11202019054034_80023423,No
2453095,Samsung,WA53CG7155A*,,887276760353,Top Load,,"Steam Cycle,Gentle Cycle,Delicates",Residential,5.3,45.80,27.5,29.40,2.3,1.29,120,3.8,8.4,5975,,,,,,,,,No,,,,No,,05/10/2023,04/05/2023,"United States, Canada",ES_1023593_WA53CG7155A*3_04102023110059_80163534,No
2453094,Samsung,WA53CG7555A*,,887276759892,Top Load,,"Steam Cycle,Gentle Cycle,Delicates",Residential,5.3,45.80,27.5,29.40,2.3,1.29,120,3.8,8.4,5975,,,,,,,,,No,,,,No,,12/31/2023,04/05/2023,"United States, Canada",ES_1023593_WA53CG7555A*3_04102023110059_80163534,No
2378431,Samsung,WA54A7305A*,,887276751214,Top Load,,Agitator,Residential,5.4,45.80,27.5,29.40,2.06,1.29,120,4.3,8.4,6799,,,,,,,,,No,,,,Yes,"ES_1023593_DVE55A73***_05142021031426_80078534, ES_1023593_DVG55A73***_05142021031426_80078534",06/11/2021,05/21/2021,"United States, Canada",ES_1023593_WA54A7305A*_05262021084256_80084651,No
2453100,Samsung,WA54CG7105A*,,887276739106,Top Load,,"Steam Cycle,Gentle Cycle,Delicates",Residential,5.4,45.80,27.5,29.40,2.3,1.29,120,3.8,8.4,6009,,,,,,,,,No,,,,Yes,ES_1023593_DVE55CG7105*_11152022010011_80148280,06/10/2023,04/05/2023,"United States, Canada",ES_1023593_WA54CG7105A*3_04102023110059_80163534,No
2453097,Samsung,WA54CG715*A*,,887276760360,Top Load,,"Steam Cycle,Gentle Cycle,Delicates",Residential,5.4,45.80,27.5,29.40,2.3,1.29,120,3.8,8.4,6087,,,,,,,,,No,,,,No,,05/10/2023,04/05/2023,"United States, Canada",ES_1023593_WA54CG715*A*3_04102023110059_80163534,No
2453096,Samsung,WA54CG755*A*,,887276760384,Top Load,,"Steam Cycle,Gentle Cycle,Delicates",Residential,5.4,45.80,27.5,29.40,2.3,1.29,120,3.8,8.4,6087,,,,,,,,,No,,,,No,,05/10/2023,04/05/2023,"United States, Canada",ES_1023593_WA54CG755*A*3_04102023110059_80163534,No
2310464,Samsung,WA54M87**A*,,887276196466,Top Load,,"activewash, Super Speed, Steam",Residential,5.4,,27.0,,2.06,1.29,165,4.3,8.4,6850,,,,,,,,,No,,,,No,,02/01/2017,01/13/2017,"United States, Canada",ES_1023593_WA54M87**A*_02092018060252_70172127,No
2339823,Samsung,WA54R72**A*,,887276300566,Top Load,,"Pre Soak, Fabric Softner, Deep Fill, Super Speed, Active Waterjet, Delay End, Auto Temperature Control",Residential,5.4,,27.0,,2.06,1.29,120,4.3,8.4,6799,,,,,,,,,No,,,,Yes,"ES_1023593_DVE54R72***_05312019122829_80005224, ES_1023593_DVG54R72***_05312019122829_80005224",07/01/2019,06/10/2019,"United States, Canada",ES_1023593_WA54R72**A*_06142019034825_80005220,No
2339822,Samsung,WA54R76**A*,,887276300580,Top Load,,"Pre Soak, Fabric Softner, Deep Fill, Super Speed, Active Waterjet, Delay End, Auto Temperature Control",Residential,5.4,,27.0,,2.06,1.29,165,4.3,8.4,6799,,,,,,,,,No,,,,Yes,"ES_1023593_DVE54R76***_05312019122829_80005224, ES_1023593_DVG54R76***_05312019122829_80005224",07/01/2019,06/10/2019,"United States, Canada",ES_1023593_WA54R76**A*_06142019034825_80005220,No
2378432,Samsung,WA55A73**A*,,887276751221,Top Load,,Delayed Start,Residential,5.5,45.80,27.5,29.40,2.06,1.29,120,4.3,8.4,6926,,,,,,,,,No,,,,Yes,"ES_1023593_DVE55A73***_05142021031426_80078534, ES_1023593_DVG55A73***_05142021031426_80078534",06/11/2021,05/21/2021,"United States, Canada",ES_1023593_WA55A73**A*_05262021084256_80084651,No
2378433,Samsung,WA55A77**A*,,887276751238,Top Load,,Delayed Start,Residential,5.5,45.30,27.5,29.40,2.06,1.29,120,4.3,8.4,6926,,,,,,,,,No,,,,Yes,"ES_1023593_DVE55A77***_05142021031426_80078534, ES_1023593_DVG55A77***_05142021031426_80078534",06/11/2021,05/21/2021,"United States, Canada",ES_1023593_WA55A77**A*_05262021084256_80084651,No
2453099,Samsung,WA55CG71**A*,,887276739137,Top Load,,"Steam Cycle,Gentle Cycle,Delicates",Residential,5.5,45.80,27.5,29.40,2.3,1.29,120,3.8,8.4,6121,,,,,,,,,No,,,,No,,06/10/2023,04/05/2023,"United States, Canada",ES_1023593_WA55CG71**A*3_04102023110059_80163534,No
2453098,Samsung,WA55CG75**A*,,887276760391,Top Load,,"Steam Cycle,Gentle Cycle,Delicates",Residential,5.5,45.80,27.5,29.40,2.3,1.29,120,3.8,8.4,6121,,,,,,,,,No,,,,No,,12/31/2023,04/05/2023,"United States, Canada",ES_1023593_WA55CG75**A*3_04102023110059_80163534,No
3387758,Samsung,WD53DBA9**H*,,887276824949,Front Load,Combination All-in-One Washer/Dryer,Steam Cycle,Residential,5.3,43.70,27.0,34.40,2.92,1.84,103,2.9,4.7,4500,5.3,Heat Pump,7.50,319,80,"Normal cycle, Dryness level 3",8.18,Wrinkle prevention option,No,,,,No,,03/08/2024,01/19/2024,"United States, Canada",ES_1023593_WD53DBA9**H*_01252024110111_80198007,No
3998322,Samsung,WD90F53*V*,,887276989174,Front Load,Combination All-in-One Washer/Dryer,Steam Cycle,Residential,5.3,43.70,27.0,34.40,2.92,1.84,103,2.9,4.7,4500,5.3,,3.93,608,,"Normal cycle / Normal dryness level / Option: Eco Dry Default ""On""",8.18,Wrinkle prevention option,No,,,,No,,03/14/2025,02/18/2025,"United States, Canada",ES_1023593_WD90F53*V*_02192025100218_80243947,No
2378660,Samsung,WF45A64**A*,,887276557854,Front Load,,Steam Cycle,Residential,4.5,,27.0,,3.1,1.84,93,2.9,4.7,3807,,,,,,,,,No,,,,Yes,"ES_1023593_DVE45A64*** _05142021031426_80078534, ES_1023593_DVG45A64*** _05142021031426_80078534",05/31/2021,05/18/2021,"United States, Canada",ES_1023593_WF45A64**A*_05312021112921_80084269,Yes
2389114,Samsung,WF45B63**A*,,887276627427,Front Load,,Steam Cycle,Residential,4.5,,27.0,,3.1,1.84,93,2.9,4.7,3807,,,,,,,,,No,,,,No,,01/20/2022,11/29/2021,"United States, Canada",ES_1023593_WF45B63**A*_12102021071549_80106295,Yes
2310456,Samsung,WF45K65**A*,,887276138121,Front Load,,"Steam, Super Speed, Smart Control, Add Wash",Residential,4.5,,27.0,,2.8,1.84,100,3,4.7,3983,,,,,,,,,No,,,,No,,02/07/2016,01/13/2016,"United States, Canada",ES_1023593_WF45K65**A*_02092018060252_70172127,No
2310460,Samsung,WF45M55**A*,,887276195360,Front Load,,"Smart Care, Steam",Residential,4.5,,27.0,,2.92,1.84,105,2.9,4.7,3850,,,,,,,,,No,,,,No,,01/01/2017,11/23/2016,"United States, Canada",ES_1023593_WF45M55**A*_02092018060252_70172127,No
2333514,Samsung,WF45R61**A*,,887276299464,Front Load,,"Steam Cycle,Pre Soak, Super Speed, Delay End, Auto Temperature Control",Residential,4.5,,27.0,,2.92,1.84,95,2.9,4.7,3807,,,,,,,,,No,,,,Yes,"ES_1023593_DVE45T61***_12192019075804_80025528, ES_1023593_DVG45T61***_12192019075804_80025528",02/01/2019,01/15/2019,"United States, Canada",ES_1023593_WF45R61**A*_02042019013708_70211758,No
2333513,Samsung,WF45R63**A*,,887276299488,Front Load,,"Steam Cycle,Pre Soak, Super Speed, Delay End, Auto Temperature Control",Residential,4.5,,27.0,,2.92,1.84,95,2.9,4.7,3807,,,,,,,,,No,,,,Yes,ES_1023593_DVE45R63***_02042019015349_70211037,02/01/2019,01/15/2019,"United States, Canada",ES_1023593_WF45R63**A*_02042019013708_70211758,No
2354715,Samsung,WF45T60**A*,,887276394794,Front Load,,"Steam Cycle,Pre Soak, Super Speed, Delay End, Auto Temperature Control",Residential,4.5,,27.0,,2.95,1.84,90,2.9,4.7,3807,,,,,,,,,No,,,,Yes,"ES_1023593_DVE45T6005*_01282020013743_80031700, ES_1023593_DV45DG60**H*3_06142024122157_80213626",02/20/2020,02/05/2020,"United States, Canada",ES_1023593_WF45T60**A*_02122020040721_80031543,No
2352574,Samsung,WF45T62**A*,,887276407036,Front Load,,"Steam Cycle,Pre Soak, Super Speed, Delay End, Auto Temperature Control",Residential,4.5,,27.0,,2.92,1.84,95,2.9,4.7,3807,,,,,,,,,No,,,,Yes,ES_1023593_DVE45R63***_02042019015349_70211037,02/24/2020,12/04/2019,"United States, Canada",ES_1023593_WF45T62**A*_01062020010646_80025529,No
2396783,Samsung,WF46BB67**A*,,887276659763,Front Load,,Steam Cycle,Residential,4.6,38.70,27.0,31.30,3.1,1.84,94,2.9,4.7,3893,,,,,,,,,No,,,,Yes,"ES_1023593_DVG46BB67***_05132022120552_80125535, ES_1023593_DVE46BB67***_05132022120552_80125535",07/15/2022,05/24/2022,"United States, Canada",ES_1023593_WF46BB67**A*_05242022084735_80128517,Yes
2396780,Samsung,WF46BG65**A*,,887276659794,Front Load,,Steam Cycle,Residential,4.6,38.70,27.0,31.30,3.1,1.84,95,2.9,4.7,3893,,,,,,,,,No,,,,Yes,"ES_1023593_DVG46BG65***_05132022120552_80125535, ES_1023593_DVE46BG65***_05132022120552_80125535",07/01/2022,05/24/2022,"United States, Canada",ES_1023593_WF46BG65**A*_05242022084735_80128517,Yes
2374792,Samsung,WF50A85**A*,,887276540726,Front Load,,Sanitize Option,Residential,5,,27.0,,2.92,1.84,110,2.9,4.7,4235,,,,,,,,,No,,,,No,,03/22/2021,03/12/2021,"United States, Canada",ES_1023593_WF50A85**A*_03122021051018_80071060,No
2371013,Samsung,WF50A86**A*,,887276518992,Front Load,,"Steam Cycle,Sanitize Option,Heavy Duty,  Super Speed",Residential,5,,27.0,,3.1,1.84,99,2.9,4.7,4235,,,,,,,,,No,,,,Yes,"ES_1023593_DVE50A86***_12222020113741_80066001, ES_1023593_DVG50A86***_12222020113741_80066001",01/10/2021,12/18/2020,"United States, Canada",ES_1023593_WF50A86**A*_12182020013638_80066743,Yes
2371012,Samsung,WF50A88**A*,,887276519012,Front Load,,"Steam Cycle,Sanitize Option,Heavy Duty,  Super Speed",Residential,5,,27.0,,3.1,1.84,100,2.9,4.7,4235,,,,,,,,,No,,,,Yes,"ES_1023593_DVE50A88***_12222020113741_80066001, ES_1023593_DVG50A88***_12222020113741_80066001",01/10/2021,12/18/2020,"United States, Canada",ES_1023593_WF50A88**A*_12182020013638_80066743,Yes
2396782,Samsung,WF50BG83**A*,,887276660912,Front Load,,Steam Cycle,Residential,5,38.70,27.0,33.50,3.1,1.84,99,2.9,4.7,4235,,,,,,,,,No,,,,Yes,"ES_1023593_DVG50BG83***_05132022120552_80125535, ES_1023593_DVE50BG83***_05132022120552_80125535",06/24/2022,05/24/2022,"United States, Canada",ES_1023593_WF50BG83**A*_05242022084735_80128517,Yes
2341069,Samsung,WF50R85**A*,,887276348063,Front Load,,"Gentle Cycle,Quick wash, Delicate",Residential,5,,27.0,,2.92,1.84,100,2.9,4.7,4235,,,,,,,,,No,,,,Yes,"ES_1023593_DVE50R85***_06142019045223_80005221, ES_1023593_DVG50R85***_06142019045223_80005221",08/16/2019,07/04/2019,"United States, Canada",ES_1023593_WF50R85**A*_07112019020132_80009393,No
2356083,Samsung,WF50T85**A*,,887276398754,Front Load,,Steam Cycle,Residential,5,,27.0,,2.92,1.84,110,2.9,4.7,4235,,,,,,,,,No,,,,Yes,ES_1023593_DVE50R85***_06142019045223_80005221,03/20/2020,03/06/2020,"United States, Canada",ES_1023593_WF50T85**A*_03092020072121_80035216,No
2620679,Samsung,WF51CG80**A*,,887276785295,Front Load,,"Steam Cycle,Gentle Cycle,Delicates",Residential,5.1,38.70,27.0,33.50,3.1,1.84,93,2.9,4.7,4329,,,,,,,,,No,,,,Yes,ES_1023593_DVE51CG8005*_07042023160041_80174930,08/15/2023,07/18/2023,"United States, Canada",ES_1023593_WF51CG80**A*_07272023180622_80176628,Yes
2395405,Samsung,WF53BB87**A*,,887276652238,Front Load,,"Steam Cycle,Gentle Cycle",Residential,5.3,38.70,27.0,34.40,3.1,1.84,103,2.9,4.7,4491,,,,,,,,,No,,,,Yes,"ES_1023593_DVG53BB87***_05132022122455_80125536*,ES_1023593_DVE53BB87***_05132022122455_80125536",06/10/2022,05/04/2022,"United States, Canada",ES_1023593_WF53BB87**A*_05042022110036_80126452,Yes
2395404,Samsung,WF53BB89**A*,,887276660127,Front Load,,"Steam Cycle,Gentle Cycle",Residential,5.3,38.70,27.0,34.40,3.1,1.84,103,2.9,4.7,4491,,,,,,,,,No,,,,Yes,"ES_1023593_DVE53BB89***_05132022122455_80125536,ES_1023593_DVG53BB89***_05132022122455_80125536",06/03/2022,05/04/2022,"United States, Canada",ES_1023593_WF53BB89**A*_05042022110036_80126452,Yes
2310439,Samsung,WF56H91**C*,,887276028286,Front Load,,"Super Speed, PowerFoam, Vrt, Self Clean+",Residential,5.6,,27.0,,2.8,1.84,130,2.8,4.7,4593,,,,,,,,,No,,,,No,,10/15/2014,09/25/2014,"United States, Canada",ES_1023593_WF56H91**C*_02092018060252_70172127,No
3998793,Samsung,WF90F53*D*,,198957070556,Front Load,,"Hand Wash Cycle,Steam Cycle,Anti-Wrinkle,Gentle Cycle",Residential,5.3,38.70,27.0,34.40,3.1,1.84,103,2.9,4.7,4500,,,,,,,,,No,,,,Yes,"ES_1023593_DV90F53*E*_03102025125345_80245208, ES_1023593_DV90F53*G*_03102025125345_80245208",03/07/2025,02/25/2025,"United States, Canada",ES_1023593_WF90F53*D*_02272025082323_80244879,Yes
2788580,Samsung,WH46DBH1**E*,,887276814490,Front Load,Laundry Center,"Steam Cycle,Gentle Cycle,Delicates",Residential,4.6,74.40,27.0,31.30,3.1,1.84,94,2.9,4.7,3893,,,,,,,,,No,,,,No,,12/30/2023,11/21/2023,"United States, Canada",ES_1023593_WH46DBH1**E*_11302023131923_80190737,No
4009462,Summit,SLWW2403,,761101152615,Front Load,,"Hand Wash Cycle,Steam Cycle,Sanitize Option,Perm Press, Bulky, Wool, Sports Wear, Drum Clean",Residential,2.2,33.25,23.5,23.50,2.07,1.84,110,4.2,4.7,2713,,,,,,,,,No,,,,Yes,SLDC2404,04/11/2025,04/10/2025,"United States, Canada",ES_92282_SLWW2403_040820251247447_4049922,No
3624253,TECHOMEY,HWF-180A13LBM,,,Front Load,,None,Residential,4.6,,27.0,,,1.84,110,3.2,4.7,4305,,,,,,,,,No,,,,,,08/13/2024,08/22/2024,United States,ES_1144306_HWF-180A13LBM_082220240536829_8224238,No
2379536,Whirlpool,WFC682CL**,,883049604909,Front Load,Combination All-in-One Washer/Dryer,Steam Cycle,Residential,4.5,,27.0,,2.76,1.84,139,3.2,4.7,4276,4.5,,3.93,608,,Regular + Dry Only,,Drum light,No,,,,No,,05/19/2021,06/03/2021,United States,ES_22856_WFC682CL**_060120211446275_7834690,No
2393836,Whirlpool,WFW4090N**,,883049626697,Front Load,,Anti-Wrinkle,Residential,2,35.00,26.0,26.00,2.07,1.84,94,4.2,4.7,2503,,,,,,,,,No,,,,No,,04/01/2022,03/17/2022,"United States, Canada",ES_22856_WFW4090N**_030820221006462_2382787,No
3554702,Whirlpool,WFW4720R**,",,(base model H24JAJ50(3B))",883049692234,Front Load,,Sanitize Option,Residential,4.5,39.00,27.0,32.00,2.76,1.84,140,3.2,4.7,4248,,,,,,,,,No,,,,Yes,ES_22856_WGD4720R**_071820241745669_1684120,08/02/2024,07/18/2024,"United States, Canada",ES_22856_WFW4720R**_071120242101635_4744484,No
3554701,Whirlpool,WFW5220R**,",,(base model H24JAJ50(3B))",883049692807,Front Load,,Sanitize Option,Residential,4.5,39.00,27.0,32.00,2.76,1.84,140,3.2,4.7,4248,,,,,,,,,No,,,,Yes,ES_22856_YWED5220LR**_111220241615212_6206678,08/02/2024,07/18/2024,"United States, Canada",ES_22856_WFW5220R**_071120242101406_4003711,No
2383504,Whirlpool,WFW5605M**,,883049625812,Front Load,,Steam Cycle,Residential,4.5,,27.0,,2.76,1.84,130,3.2,4.7,4248,,,,,,,,None,No,,,,Yes,ES_22856_WED5605M**_09152021162431_9463389,10/15/2021,08/18/2021,United States,ES_22856_WFW5605M**_081820210741136_5908275,No
2331764,Whirlpool,WFW560CH**,,883049456850,Front Load,,"Anti-Wrinkle,Sanitize Option,Clean Washer with Affresh,",Residential,4.3,,27.0,,2.76,1.84,123,3.2,4.7,4097,,,,,,,,None,No,,,,No,,12/03/2018,08/24/2018,"United States, Canada",ES_15649_WFW560CH**_10142018184540_2740679,No
2331766,Whirlpool,WFW5620H**,,883049456843,Front Load,,"Anti-Wrinkle,Sanitize Option,Clean Washer with Affresh, Steam Clean",Residential,4.5,,27.0,,2.76,1.84,139,3.2,4.7,4267,,,,,,,,None,No,,,,Yes,"ES_1129244_WED5620H**_10142018194920_6560520, ES_1129244_WGD5620H**_10142018203626_9386288",12/03/2018,08/24/2018,"United States, Canada",ES_15649_WFW5620H**_10142018184621_2781148,No
3554700,Whirlpool,WFW5720R**,",,(base model H24JAL50(3B))",883049692814,Front Load,,Sanitize Option,Residential,4.5,39.00,27.0,32.00,2.76,1.84,140,3.2,4.7,4248,,,,,,,,,No,,,,Yes,ES_22856_WGD5720R**_071820241642310_9728261,07/15/2024,07/18/2024,"United States, Canada",ES_22856_WFW5720R**_071120242047727_5001526,No
2383890,Whirlpool,WFW6605M**,,883049625836,Front Load,,Steam Cycle,Residential,5,,27.0,,2.76,1.84,150,3.2,4.7,4720,,,,,,,,None,No,,,,Yes,ES_22856_WED6605M**_091520211624661_5022600,10/15/2021,08/31/2021,United States,ES_22856_WFW6605M**_083120210749788_5800549,No
2331767,Whirlpool,WFW6620H**,,883049456867,Front Load,,"Anti-Wrinkle,Sanitize Option,Clean Washer with Affresh, Steam Clean",Residential,4.5,,27.0,,2.76,1.84,139,3.2,4.7,4267,,,,,,,,None,No,,,,Yes,"ES_1129244_WED6620H**_10142018194427_6267487, ES_1129244_WGD6620H**_10142018203415_9255137",12/03/2018,08/24/2018,"United States, Canada",ES_15649_WFW6620H**_10142018184846_2926289,No
3555487,Whirlpool,WFW6720R**,",,(base model H24JAK50(3B)",883049692838,Front Load,,Sanitize Option,Residential,5,39.00,27.0,32.00,2.76,1.84,140,3.2,4.7,4720,,,,,,,,Wrinkle prevention option,No,,,,Yes,ES_22856_YWED6720R**_010920251438374_2785179,08/01/2024,07/26/2024,"United States, Canada",ES_22856_WFW6720R**_072320241350124_3493219,No
2310326,Whirlpool,WFW7540F**,,883049384528,Front Load,,Delayed Start,Residential,4.5,,27.0,,2.92,1.84,88,3.2,4.7,4210,,,,,,,,,No,,,,Yes,ES_22856_WED75HEFW*_05032016215846_2726787,06/01/2016,02/05/2018,"United States, Canada",ES_22856_WFW7540F**_04262016220902_8542656,No
2310327,Whirlpool,WFW92HEF**,",WFW92HEFW,",883049384559,Front Load,,"Delayed Start,Steam for Stains, Fan Fresh, Eco Boost",Residential,4.5,,27.0,,2.92,1.84,89,3.2,4.7,4210,,,,,,,,,No,,,,Yes,ES_22856_WED90HEFW*_05032016221206_3526236,06/01/2016,02/05/2018,"United States, Canada",ES_22856_WFW92HEF**_04262016222016_9216351,No
2382221,Whirlpool,WTW500CM** (V22aAf50(3B)),,883049607726,Top Load,,Anti-Wrinkle,Residential,5.3,43.00,27.0,27.00,2.06,1.29,260,4.3,8.4,6761,,,,,,,,None,No,,,,No,,09/04/2021,07/19/2021,"United States, Canada",ES_22856_WTW500CM** (V22aAf50(3B))_071320211017315_9933053,No
2428399,Whirlpool,WTW6150P**,,883049678900,Top Load,,Anti-Wrinkle,Residential,5.3,43.00,27.0,27.00,2.06,1.29,260,4.3,8.4,6761,,,,,,,,,No,,,,No,,05/01/2023,03/17/2023,"United States, Canada",ES_22856_WTW6150P** (base model V22aAf50(3B)_03142023165360_6042150,No
2447108,Whirlpool,WTW6157P**,",,V23aAf50(3B)",883049678931,Top Load,,Anti-Wrinkle,Residential,5.3,43.00,27.0,28.00,2.06,1.29,260,4.3,8.4,6660,,,,,,,,,No,,,,No,,05/01/2023,03/23/2023,"United States, Canada",ES_22856_WTW6157P**_032020231903634_7857031,No
2346209,Whirlpool,WTW7120H**,,883049463414,Top Load,,"Wrinkle Control, Delicate Cycle, Sanitize w/Oxi, Delayed Start",Residential,5.3,,27.0,,2.06,1.29,263,4.3,8.4,6761,,,,,,,,None,Yes,Wi-Fi,Smart Energy Profile (SEP) 2.x,No,No,,01/01/2020,09/11/2019,"United States, Canada",ES_15649_WTW7120H**_09112019230848_3328578,No
2310393,Whirlpool,WTW8000D*+,,883049330754,Top Load,,"Clean Boost, PreSoak",Residential,5.3,,27.0,,2.06,1.29,196,4.3,8.4,6698,,,,,,,,,No,,,,Yes,ES_22856_WED8000D*+_05032016182429_9869058,06/01/2016,02/05/2018,"United States, Canada",ES_22856_WTW8000D*+_04262016232811_3291660,No
2346210,Whirlpool,WTW8120H**,,883049463421,Top Load,,"Wrinkle Control, Delicate Cycle, Sanitize w/Oxi, Delayed Start",Residential,5.3,,27.0,,2.06,1.29,260,4.3,8.4,6761,,,,,,,,None,Yes,Wi-Fi,Smart Energy Profile (SEP) 2.x,No,Yes,"ES_22856_WED8120H**_09112019154848_6928419, ES_22856_WGD8120H**_09112019191722_9442434",01/01/2020,09/11/2019,"United States, Canada",ES_15649_WTW8120H**_09112019230101_2861355,No
2369158,Whirlpool,WTW8127L**,,883049606354,Top Load,,"Delayed Start,Anti-Wrinkle,Sanitize Option,Gentle Cycle,Wrinkle Control, Delicate Cycle, Sanitize w/Oxi",Residential,5.2,,27.0,,2.06,1.29,260,4.3,8.4,6622,,,,,,,,,No,,,,Yes,"ES_22856_WED8127L**_10132020195006_8606018, ES_22856_WGD8127L**_10132020201620_0180688",12/01/2020,11/05/2020,"United States, Canada",ES_22856_WTW8127L**_11052020191640_3800065,No
